Carimbo de data/hora,Razão Social Cliente,CNPJ do Cliente,Valor do boleto:,Data de Vencimento,Tipo de produto:,Motivo:,QUEM SOLICITOU,Cliente novo?,Obsevações,Emissão por qual CNPJ?,Endereço de e-mail
11/17/2025,SIEMENS INDUSTRY SOFTWARE LTDA.,02.283.647/0001-01,"R$ 572,70",2/23/2026,movel/assessoria,emissão apenas da nota fiscal,Jenifer,NÃO,,,jenifer@luxustelefonia.com.br
12/2/25 10:27,DREBES CIA LTDA (VIVO),96.662.168/0001-31,"R$ 13.420,52",1/10/2026,Aluguel,Emissão nota e boleto,Bruna,NÃO,,LUXUS TELEFONIA LTDA,bruna@luxustelefonia.com.br
12/2/25 10:27,DREBES CIA LTDA (TIM),96.662.168/0001-31,"R$ 45,99",1/30/2026,Aluguel,Emissão nota e boleto,Bruna,NÃO,,LUXUS TELEFONIA LTDA,bruna@luxustelefonia.com.br
12/4/2025,SINDICATO DOS SERVIDORES MUNICIPAIS DE TORRES,90.800.590/0001-20,"R$ 889,27",1/5/2026,movel/assessoria,emissão nota e boleto,Jenifer,NÃO,,,jenifer@luxustelefonia.com.br
12/4/2025,LUNDBECK BRASIL LTDA,04.522.600/0001-70,"R$ 504,00",1/12/2026,movel/assessoria,emissão nota e boleto,Jenifer,NÃO,,,jenifer@luxustelefonia.com.br
12/9/2025,COOPERATIVA AGRICOLA MISTA NOVA PALMA LTDA,91.022.632/0001-01,"R$ 2.000,00",1/6/2026,movel/assessoria,boleto e nf,francine,nao,,,suporte2@luxustelefonia.com.br
12/9/2025,TABACUM INTERAMERICAN COMERCIO E EXPORTACAO DE FUMOS LTDA,05.648.120/0003-85,"R$ 200,00",1/8/2026,movel/assessoria,boleto e nf,francine,nao,,,suporte2@luxustelefonia.com.br
12/9/2025,ENGELUX CONSTRUTORA LTDA,44.023.760/0001-90,"R$ 200,60",1/5/2026,movel/assessoria,boleto e nf,francine,nao,,,suporte2@luxustelefonia.com.br
11-dez.,SOLTEC,23.294.509/0001-90,"R$ 235,20",1/5/2026,movel/assessoria,emissão nota e boleto,Jenifer,NÃO,,,jenifer@luxustelefonia.com.br
12/16/2026,SIEMENS INDUSTRY SOFTWARE LTDA.,02.283.647/0001-01,"R$ 586,50",3/23/2026,movel/assessoria,emissão apenas da nota fiscal,Jenifer,NÃO,,,jenifer@luxustelefonia.com.br
16-dez.,SINDICATO SERV MUNIC SÃO MARCOS,07.362.420/0001-67,"R$ 1.210,95",1/10/2026,movel/assessoria,emissão nota e boleto,Jenifer,NÃO,,,jenifer@luxustelefonia.com.br
16-dez.,ASSOCIACAO DOS SERVIDORES DO BANCO CENTRAL - ASBAC PORTO ALEGRE,02.492.319/0001-07,"R$ 2.092,40",1/9/2026,movel/assessoria,emissão nota e boleto,Jenifer,NÃO,,,jenifer@luxustelefonia.com.br
16-dez.,SANTA CASA DE MISERICóRDIA DA BAHIA,15.153.745/0001-68,"R$ 683,80",1/5/2026,movel/assessoria,emissão nota e boleto,Jenifer,NÃO,,,jenifer@luxustelefonia.com.br
12/19/2025,SINDICATO DOS PROFESSORES MUNICIPAIS LEOPOLDENSES - CEPROL,92.932.763/0001-99,"R$ 26.883,25",1/10/2026,Aluguel,nf e boleto,bruna,não,,telefonia,bruna@luxustelefonia.com.br
12/23/25 8:54,ALIBEM ALIMENTOS S.A.,03.941.052/0001-50,"R$ 1.997,40",1/10/2026,Movel/Assessoria,Emissão nota e boleto,Jenifer/Gabi,Não,,,meline@luxustelefonia.com.br
1/6/26 9:24,E2R REPRESENTACOES COMERCIAIS LTDA,10.451.213/0001-93,"R$ 385,55",1/10/2026,Aluguel,Emissão apenas nota fiscal,Bruna,NÃO,,LUXUS TELEFONIA LTDA,bruna@luxustelefonia.com.br
1/6/26 9:24,CASA DAS FECHADURAS ADROFECHA LTDA,92.613.413/0001-60,"R$ 754,48",1/10/2026,Aluguel,Emissão apenas nota fiscal,Bruna,NÃO,,LUXUS TELEFONIA LTDA,bruna@luxustelefonia.com.br
1/6/26 9:24,CORREA ZAMPIERI ENGENHARIA LTDA,00.999.960/0001-07,"R$ 1.155,58",1/10/2026,Aluguel,Emissão apenas nota fiscal,Bruna,NÃO,,LUXUS TELEFONIA LTDA,bruna@luxustelefonia.com.br
1/6/26 9:24,CONSTRUSUL - INDUSTRIA E COMERCIO DE MATERIAIS DE CONSTRUCAO E SERVICOS DE CONCRETAGEM LTDA,07.483.896/0001-56,"R$ 457,79",1/10/2026,Aluguel,Emissão apenas nota fiscal,Bruna,NÃO,,LUXUS TELEFONIA LTDA,bruna@luxustelefonia.com.br
1/6/26 9:24,DEMARCHI DEMARCHI LTDA,93.052.223/0001-83,"R$ 61,32",1/10/2026,Aluguel,Emissão apenas nota fiscal,Bruna,NÃO,,LUXUS TELEFONIA LTDA,bruna@luxustelefonia.com.br
1/6/26 9:24,POLIDADOS INFORMATICA LTDA,04.782.491/0001-20,"R$ 488,53",1/10/2026,Aluguel,Emissão apenas nota fiscal,Bruna,NÃO,,LUXUS TELEFONIA LTDA,bruna@luxustelefonia.com.br
1/6/26 9:24,OIW INDUSTRIA ELETRONICA SA,07.212.549/0001-99,"R$ 63,97",1/10/2026,Aluguel,Emissão apenas nota fiscal,Bruna,NÃO,,LUXUS TELEFONIA LTDA,bruna@luxustelefonia.com.br
1/6/26 9:24,MARCHER BRASIL AGROINDUSTRIAL SA,06.221.454/0001-79,"R$ 2.450,47",1/10/2026,Aluguel,Emissão apenas nota fiscal,Bruna,NÃO,,LUXUS TELEFONIA LTDA,bruna@luxustelefonia.com.br
1/6/26 9:24,ESTANCIA DA FIGUEIRA COMERCIO DE HORTIFRUTIGRANJEIROS LTDA,08.492.170/0001-42,"R$ 775,68",1/10/2026,Aluguel,Emissão apenas nota fiscal,Bruna,NÃO,,LUXUS TELEFONIA LTDA,bruna@luxustelefonia.com.br
1/6/26 9:24,FABIANO CORBELLINI E CIA LTDA,02.119.759/0001-13,"R$ 483,99",1/10/2026,Aluguel,Emissão apenas nota fiscal,Bruna,NÃO,,LUXUS TELEFONIA LTDA,bruna@luxustelefonia.com.br
1/6/26 9:24,FREE TINTAS LTDA,05.577.086/0001-33,"R$ 4.493,99",1/10/2026,Aluguel,Emissão apenas nota fiscal,Bruna,NÃO,,LUXUS TELEFONIA LTDA,bruna@luxustelefonia.com.br
1/6/26 9:24,JETSUL-COMERCIO E EQUIPAMENTOS DE INF. LTDA,00.849.925/0001-01,"R$ 407,70",1/10/2026,Aluguel,Emissão apenas nota fiscal,Bruna,NÃO,,LUXUS TELEFONIA LTDA,bruna@luxustelefonia.com.br
1/6/26 9:24,JORNAL A HORA LTDA,04.280.850/0001-41,"R$ 158,39",1/10/2026,Aluguel,Emissão apenas nota fiscal,Bruna,NÃO,,LUXUS TELEFONIA LTDA,bruna@luxustelefonia.com.br
1/6/26 9:24,LEDUR IMPORTACAO E EXPORTACAO DE PEDRAS PRECIOSAS E SEMI PRECIOSAS LTDA,06.934.436/0001-34,"R$ 705,98",1/10/2026,Aluguel,Emissão apenas nota fiscal,Bruna,NÃO,,LUXUS TELEFONIA LTDA,bruna@luxustelefonia.com.br
1/6/26 9:24,SIND.EMPREGADOS EM ESTAB.DE SERVICOS DE SAUDE DE LAJEADO E VALE DO TAQUARI,92.892.538/0001-76,"R$ 373,22",1/10/2026,Aluguel,Emissão apenas nota fiscal,Bruna,NÃO,,LUXUS TELEFONIA LTDA,bruna@luxustelefonia.com.br
1/6/26 9:24,ASSOCIACAO DE CRIADORES DE SUINOS DO RIO GRANDE DO SUL,87.245.163/0001-12,"R$ 1.142,74",1/10/2026,Aluguel,Emissão apenas nota fiscal,Bruna,NÃO,,LUXUS TELEFONIA LTDA,bruna@luxustelefonia.com.br
1/6/26 9:24,WINGS CONSULTORIA E REPRESENTACOES LTDA,36.736.488/0001-67,"R$ 214,95",1/10/2026,Aluguel,Emissão apenas nota fiscal,Bruna,NÃO,,LUXUS TELEFONIA LTDA,bruna@luxustelefonia.com.br
1/6/26 9:24,IMOBILIARIA REI DO IMOVEL LTDA,11.806.302/0001-78,"R$ 827,64",1/10/2026,Aluguel,Emissão apenas nota fiscal,Bruna,NÃO,,LUXUS TELEFONIA LTDA,bruna@luxustelefonia.com.br
1/6/26 9:24,MARIA EDUARDA CORTEZ DESIGN DE INTERIORES LTDA,46.609.234/0001-31,"R$ 200,28",1/10/2026,Aluguel,Emissão apenas nota fiscal,Bruna,NÃO,,LUXUS TELEFONIA LTDA,bruna@luxustelefonia.com.br
1/6/26 9:24,Blaster Detonacoes LTDA,13.962.167/0001-85,"R$ 226,91",1/10/2026,Aluguel,Emissão apenas nota fiscal,Bruna,NÃO,,LUXUS TELEFONIA LTDA,bruna@luxustelefonia.com.br
1/6/26 9:24,REFRICOMP - INDUSTRIA DE COMPONENTES PARA REFRIGERACAO LTDA,07.417.647/0001-62,"R$ 3.247,25",1/10/2026,Aluguel,Emissão apenas nota fiscal,Bruna,NÃO,,LUXUS TELEFONIA LTDA,bruna@luxustelefonia.com.br
1/6/26 9:24,GAS ZIMMER DISTRIBUIDORA DOS VALES LTDA,39.831.325/0001-51,"R$ 341,76",1/10/2026,Aluguel,Emissão apenas nota fiscal,Bruna,NÃO,,LUXUS TELEFONIA LTDA,bruna@luxustelefonia.com.br
1/6/26 9:24,ENOVA INDUSTRIA DE CALCADOS LTDA,32.013.159/0001-37,"R$ 558,58",1/10/2026,Aluguel,Emissão apenas nota fiscal,Bruna,NÃO,,LUXUS TELEFONIA LTDA,bruna@luxustelefonia.com.br
1/6/26 9:24,MARTINA INDUSTRIA DE CALCADOS LTDA,35.957.750/0001-30,"R$ 247,37",1/10/2026,Aluguel,Emissão apenas nota fiscal,Bruna,NÃO,,LUXUS TELEFONIA LTDA,bruna@luxustelefonia.com.br
1/6/26 9:24,CMAK AGROINDUSTRIA E COMERCIO DE MAQUINAS E EQUIPAMENTOS LTDA,22.779.620/0001-03,"R$ 1.239,69",1/10/2026,Aluguel,Emissão apenas nota fiscal,Bruna,NÃO,,LUXUS TELEFONIA LTDA,bruna@luxustelefonia.com.br
1/6/26 9:24,GRAFICA LAJEADENSE LTDA,88.057.187/0001-00,"R$ 451,67",1/10/2026,Aluguel,Emissão apenas nota fiscal,Bruna,NÃO,,LUXUS TELEFONIA LTDA,bruna@luxustelefonia.com.br
1/6/26 9:24,IRMAOS CIOCCARI E CIA LTDA,87.675.831/0001-41,"R$ 3.611,05",1/10/2026,Aluguel,Emissão apenas nota fiscal,Bruna,NÃO,,LUXUS TELEFONIA LTDA,bruna@luxustelefonia.com.br
1/6/26 9:24,TRANSPORTADORA SANTA CRUZ BRUNETTO LTDA,42.450.799/0001-68,"R$ 161,91",1/10/2026,Aluguel,Emissão apenas nota fiscal,Bruna,NÃO,,LUXUS TELEFONIA LTDA,bruna@luxustelefonia.com.br
1/6/26 9:24,AG COMERCIO DE PNEUS LTDA,24.061.393/0001-01,"R$ 363,82",1/10/2026,Aluguel,Emissão apenas nota fiscal,Bruna,NÃO,,LUXUS TELEFONIA LTDA,bruna@luxustelefonia.com.br
1/6/26 9:24,SINDICATO DOS ENGENHEIROS NO ESTADO DO RIO GRANDE DO SUL,92.675.362/0001-09,"R$ 1.779,78",1/20/2026,Aluguel,Emissão apenas nota fiscal,Bruna,NÃO,,LUXUS TELEFONIA LTDA,bruna@luxustelefonia.com.br
1/6/26 9:24,JORNAL NOSSA GENTE VALE DO TAQUARI,01.236.346/0001-56,"R$ 92,94",1/10/2026,Aluguel,Emissão apenas nota fiscal,Bruna,NÃO,,LUXUS TELEFONIA LTDA,bruna@luxustelefonia.com.br
1/6/26 9:24,GUINCHO 2001 LTDA,54.276.526/0001-28,"R$ 58,97",1/10/2026,Aluguel,Emissão apenas nota fiscal,Bruna,NÃO,,LUXUS TELEFONIA LTDA,bruna@luxustelefonia.com.br
1/6/26 9:24,G e A DISTRIBUIDORA DE PECAS E ACESSORIOS LTDA - TOGNI,04.470.511/0001-28,"R$ 508,72",1/10/2026,Aluguel,Emissão apenas nota fiscal,Bruna,NÃO,,LUXUS TELEFONIA LTDA,bruna@luxustelefonia.com.br
1/6/26 9:24,VIRTUAL SLICE TELECOM LTDA,12.029.589/0001-30,"R$ 1.448,70",1/10/2026,Aluguel,Emissão apenas nota fiscal,Bruna,NÃO,,LUXUS TELEFONIA LTDA,bruna@luxustelefonia.com.br
1/6/26 9:24,TK CALCADOS LTDA,54.508.099/0001-66,"R$ 107,94",1/10/2026,Aluguel,Emissão apenas nota fiscal,Bruna,NÃO,,LUXUS TELEFONIA LTDA,bruna@luxustelefonia.com.br
1/6/26 9:24,ASTECA INDUSTRIA E COMERCIO DE JOIAS LTDA,06.202.742/0001-86,"R$ 579,94",1/10/2026,Aluguel,Emissão apenas nota fiscal,Bruna,NÃO,,LUXUS TELEFONIA LTDA,bruna@luxustelefonia.com.br
1/6/26 9:24,FPD COMERCIO OTICO LTDA,37.056.522/0001-15,"R$ 49,85",1/10/2026,Aluguel,Emissão apenas nota fiscal,Bruna,NÃO,,LUXUS TELEFONIA LTDA,bruna@luxustelefonia.com.br
1/6/26 9:24,FABI COMERCIO DE COMPENSADOS LTDA,94.506.664/0001-70,"R$ 96,95",1/10/2026,Aluguel,Emissão apenas nota fiscal,Bruna,NÃO,,LUXUS TELEFONIA LTDA,bruna@luxustelefonia.com.br
1/6/26 9:24,CAMARA DE INDUSTRIA COMERCIO SERVICOS E AGROPECUARIA DE SAO MARCOS,90.480.336/0001-91,"R$ 1.594,72",1/20/2026,Aluguel,Emissão apenas nota fiscal,Bruna,NÃO,,CARDOSO E POLI,bruna@luxustelefonia.com.br
1/6/26 9:24,COOPERATIVA TRITICOLA CACAPAVANA LTDA - COTRISUL,87.678.132/0001-55,"R$ 6.429,91",1/20/2026,Aluguel,Emissão apenas nota fiscal,Bruna,NÃO,,CARDOSO E POLI,bruna@luxustelefonia.com.br
1/6/26 9:24,DO VALE COMERCIO DE PNEUMATICOS LTDA,08.713.358/0001-73,"R$ 209,98",1/20/2026,Aluguel,Emissão apenas nota fiscal,Bruna,NÃO,,CARDOSO E POLI,bruna@luxustelefonia.com.br
1/6/26 9:24,GENERAL COAT PINTURA INDUSTRIAL LTDA,09.451.565/0001-60,"R$ 992,46",1/20/2026,Aluguel,Emissão apenas nota fiscal,Bruna,NÃO,,CARDOSO E POLI,bruna@luxustelefonia.com.br
1/6/26 9:24,MAGIC BRANDS INDUSTRIA E COMERCIO DE CONFECCOES LTDA,11.734.998/0001-74,"R$ 34,99",1/20/2026,Aluguel,Emissão apenas nota fiscal,Bruna,NÃO,TIM,CARDOSO E POLI,bruna@luxustelefonia.com.br
1/6/26 9:24,MULTIRISCO ADMINISTRACAO E CORRETAGEM DE SEGUROS LTDA,92.872.324/0001-38,"R$ 494,91",1/20/2026,Aluguel,Emissão apenas nota fiscal,Bruna,NÃO,,CARDOSO E POLI,bruna@luxustelefonia.com.br
1/6/26 9:24,PAGLIARIN E CIA LTDA,97.168.066/0001-27,"R$ 219,85",1/20/2026,Aluguel,Emissão apenas nota fiscal,Bruna,NÃO,,CARDOSO E POLI,bruna@luxustelefonia.com.br
1/6/26 9:24,SONDA TRANSPORTES SA,88.584.875/0001-29,"R$ 669,55",1/20/2026,Aluguel,Emissão apenas nota fiscal,Bruna,NÃO,,CARDOSO E POLI,bruna@luxustelefonia.com.br
1/6/26 9:24,T F CARLET,30.219.383/0001-54,"R$ 379,95",1/20/2026,Aluguel,Emissão apenas nota fiscal,Bruna,NÃO,,CARDOSO E POLI,bruna@luxustelefonia.com.br
1/6/26 9:24,VITIVINICOLA JOLIMONT LTDA,88.212.881/0001-55,"R$ 689,93",1/20/2026,Aluguel,Emissão apenas nota fiscal,Bruna,NÃO,,CARDOSO E POLI,bruna@luxustelefonia.com.br
1/6/26 9:24,ORDEM DOS ADVOGADOS DO BRASIL SECCAO DO RIO G DO SUL,87.019.584/0012-88,"R$ 29,99",1/20/2026,Aluguel,Emissão apenas nota fiscal,Bruna,NÃO,,CARDOSO E POLI,bruna@luxustelefonia.com.br
1/6/26 9:24,COOPERATIVA DE CREDITO E INVESTIMENTO LIBERDADE - SICREDI LIBERDADE,88.530.142/0001-01,"R$ 389,70",1/20/2026,Aluguel,Emissão apenas nota fiscal,Bruna,NÃO,,CARDOSO E POLI,bruna@luxustelefonia.com.br
1/6/26 9:24,EMERGENCIALL EMERGENCIAS AMBIENTAIS LTDA,05.441.968/0001-77,"R$ 861,55",1/20/2026,Aluguel,Emissão apenas nota fiscal,Bruna,NÃO,,CARDOSO E POLI,bruna@luxustelefonia.com.br
1/6/26 9:24,CASA DO MEL,02.174.156/0001-14,"R$ 44,99",1/20/2026,Aluguel,Emissão apenas nota fiscal,Bruna,NÃO,,CARDOSO E POLI,bruna@luxustelefonia.com.br
1/6/26 9:24,ORDEM DOS ADVOGADOS DO BRASIL SECAO DA BAHIA,14.259.469/0001-54,"R$ 119,97",1/20/2026,Aluguel,Emissão apenas nota fiscal,Bruna,NÃO,,LUXUS TELEFONIA LTDA,bruna@luxustelefonia.com.br
1/6/26 9:24,COOPERATIVA REGIONAL DE ENERGIA TAQUARI JACUI,97.839.922/0001-29,"R$ 9.977,15",1/10/2026,Aluguel,Emissão apenas nota fiscal,Bruna,NÃO,,LUXUS TELEFONIA LTDA,bruna@luxustelefonia.com.br
1/6/26 9:24,TRIAUTO PROTECAO VEICULAR,36.552.203/0001-38,797.16,1/10/2026,Aluguel,Emissão apenas nota fiscal,Bruna,NÃO,,LUXUS TELEFONIA LTDA,bruna@luxustelefonia.com.br
1/6/26 9:24,DEMANDER FORCA DE VENDAS LTDA (VIVO),37.868.347/0001-60,418.89,1/10/2026,Aluguel,Emissão apenas nota fiscal,Bruna,NÃO,VIVO,LUXUS TELEFONIA LTDA,bruna@luxustelefonia.com.br
1/6/26 9:24,CERAMICA BARRINHA LTDA,94.645.140/0001-60,189.96,1/10/2026,Aluguel,Emissão apenas nota fiscal,Bruna,NÃO,,LUXUS TELEFONIA LTDA,bruna@luxustelefonia.com.br
1/6/26 9:24,INNTEC SERVICOS EM TECNOLOGIA LTDA,18.717.160/0001-11,3458.19,1/10/2026,Aluguel,Emissão apenas nota fiscal,Bruna,NÃO,,LUXUS TELEFONIA LTDA,bruna@luxustelefonia.com.br
1/6/26 9:24,BIERDRON CERVEJARIA LTDA,30.582.762/0001-04,"R$ 117,94",1/10/2026,Aluguel,Emissão apenas nota fiscal,Bruna,NÃO,,LUXUS TELEFONIA LTDA,bruna@luxustelefonia.com.br
1/6/26 9:24,ASSOCIACAO LAJEADENSE DOS POLICIAIS RODOV FEDERAIS,01.544.678/0001-06,"R$ 2.534,58",1/10/2026,Aluguel,Emissão apenas nota fiscal,Bruna,NÃO,,LUXUS TELEFONIA LTDA,bruna@luxustelefonia.com.br
1/6/26 9:24,DREBES CIA LTDA (VIVO),96.662.168/0001-31,"R$ 12.754,02",2/10/2026,Aluguel,Emissão nota e boleto,Bruna,NÃO,,LUXUS TELEFONIA LTDA,bruna@luxustelefonia.com.br
1/6/26 9:24,DREBES CIA LTDA (TIM),96.662.168/0001-31,"R$ 45,99",30/02/2026,Aluguel,Emissão nota e boleto,Bruna,NÃO,,LUXUS TELEFONIA LTDA,bruna@luxustelefonia.com.br
1/6/26 9:24,JBL INSTALACOES ELETRICAS LTDA,58.653.558/0001-56,75.94,1/10/2026,Aluguel,Emissão apenas nota fiscal,Bruna,NÃO,,LUXUS TELEFONIA LTDA,bruna@luxustelefonia.com.br
1/6/26 9:24,MAGIC BRANDS INDUSTRIA E COMERCIO DE CONFECCOES LTDA,11.734.998/0001-74,"R$ 869,79",1/10/2026,Aluguel,Emissão apenas nota fiscal,Bruna,NÃO,VIVO,LUXUS TELEFONIA LTDA,bruna@luxustelefonia.com.br
1/8/2026,ASSOCIACAO DOS GESTORES DA CAIXA ECONOMICA FEDERAL DE SANTA CATARINA - AGECEF,80.675.077/0001-09,"R$ 584,20",1/20/2026,movel/assessoria,emissão nota e boleto,Jenifer,NÃO,Enviar também pelo whats (LUCAS 48991194202),,jenifer@luxustelefonia.com.br
1/8/2026,ASSOCIAÇÃO DOS SERVIDORES MUNICIPAIS DE ILOPOLIS,04.225.061/0001-08,"R$ 1.051,00",1/20/2026,movel/assessoria,emissão nota e boleto,Jenifer,NÃO,,,jenifer@luxustelefonia.com.br
1/8/2026,GF PNEUS COMERCIAL E DISTRIBUIDORA LTDA (MATRIZ),93.894.954/0001-76,"R$ 1.396,48",1/20/2026,movel/assessoria,emissão nota e boleto,Jenifer,NÃO,,,jenifer@luxustelefonia.com.br
1/8/2026,ASSOCIAÇÃO DOS PROFESSORES DA FUNDAÇÃO UNIVERSIDADE DE PASSO FUNDO / APROFUPF,89.764.765/0001-01,"R$ 677,74",1/20/2026,movel/assessoria,emissão nota e boleto,Jenifer,NÃO,,,jenifer@luxustelefonia.com.br
1/8/2026,CARGNELUTTI E CIA LTDA,98.417.645/0001-29,"R$ 190,89",1/20/2026,movel/assessoria,emissão nota e boleto,Jenifer,NÃO,,,jenifer@luxustelefonia.com.br
1/8/2026,COOPERFAR-COOP DOS TRANSPORTADORES AUTONOMOS DE FARROUPILHA LTDA,07.312.871/0001-90,"R$ 1.569,30",1/20/2026,movel/assessoria,emissão nota e boleto,Jenifer,NÃO,,,jenifer@luxustelefonia.com.br
1/8/2026,DISMARIA DISTRIBUIDORA SANTA MARIA LTDA,05.985.207/0001-86,"R$ 300,00",1/20/2026,movel/assessoria,emissão nota e boleto,Jenifer,NÃO,,,jenifer@luxustelefonia.com.br
1/8/2026,SINDICATO DOS SERVIDORES MUNICIPAIS DE TORRES,90.800.590/0001-20,"R$ 889,27",2/5/2026,movel/assessoria,emissão nota e boleto,Jenifer,NÃO,,,jenifer@luxustelefonia.com.br
1/8/2026,SINDICATO DOS SERVIDORES PUBLICOS MUNICIPAIS DE DOM PEDRO DE ALCANTARA - SISPDOPA,05.892.630/0001-31,"R$ 346,00",1/20/2026,movel/assessoria,emissão nota e boleto,Jenifer,NÃO,,,jenifer@luxustelefonia.com.br
1/8/2026,COOP. ECONOMIA E CRÉDITO MÚTUO DOS EMPREGADOS DO BANRISUL - BANRICOOP,92.935.741/0001-82,"R$ 3.795,59",1/22/2026,movel/assessoria,emissão nota e boleto,Jenifer,NÃO,,,jenifer@luxustelefonia.com.br
1/8/2026,ASSOCIAÇÃO DOS POLICIAIS RODOVIÁRIOS FEDERAIS DE SANTA MARIA - APRF/SM,94.446.887/0001-90,"R$ 224,00",1/20/2026,movel/assessoria,emissão nota e boleto,Jenifer,NÃO,,,jenifer@luxustelefonia.com.br
1/8/2026,SINDILOJAS - SINDICATO DO COMERCIO VAREJISTA DE CAXIAS DO SUL,88.662.770/0001-40,"R$ 282,00",1/21/2026,movel/assessoria,emissão nota e boleto,Jenifer,NÃO,,,jenifer@luxustelefonia.com.br
1/8/2026,COOPERATIVA AGRÍCOLA MISTA IBIRAIARAS LTDA - COOPIBI,91.061.036/0001-30,"R$ 789,28",1/20/2026,movel/assessoria,emissão nota e boleto,Jenifer,NÃO,,,jenifer@luxustelefonia.com.br
1/8/2026,METALTECSS REVESTIMENTO DE METAIS LTDA,00.925.102/0001-18,"R$ 250,00",1/20/2026,movel/assessoria,emissão nota e boleto,Jenifer,NÃO,,,jenifer@luxustelefonia.com.br
1/8/2026,SOLTEC,23.294.509/0001-90,"R$ 235,20",2/5/2026,movel/assessoria,emissão nota e boleto,Jenifer,NÃO,,,jenifer@luxustelefonia.com.br
1/8/2026,GRUPO K1 S.A.,00.912.882/0001-61,"R$ 257,90",1/20/2026,movel/assessoria,emissão nota e boleto,Jenifer,NÃO,,,jenifer@luxustelefonia.com.br
1/8/2026,AFBNDES,33.984.550/0001-41,"R$ 9.770,53",1/20/2026,movel/assessoria,emissão nota e boleto,Jenifer,NÃO,,,jenifer@luxustelefonia.com.br
1/11/2026,ASSOCIAÇÃO DOS TRABALHADORES NA AGRICULTURA FAMILIAR DA ENCOSTA SUPERIOR DO NORDESTE-CRESOL,15.039.387/0001-67,"R$ 1.411,76",1/22/2026,movel/assessoria,emissão nota e boleto,Jenifer,NÃO,,,jenifer@luxustelefonia.com.br
1/11/2026,F POZOBON SISTEMAS DE HIGIENE E LIMPEZA - EIRELI,07.119.129/0001-62,"R$ 544,66",1/22/2026,movel/assessoria,emissão nota e boleto,Jenifer,NÃO,,,jenifer@luxustelefonia.com.br
1/11/2026,HOSPITAL DE CARIDADE DE SANTIAGO,96.136.643/0001-36,"R$ 334,61",1/22/2026,movel/assessoria,emissão nota e boleto,Jenifer,NÃO,,,jenifer@luxustelefonia.com.br
1/11/2026,JOSE ERY CAMARGO - ADVOGADOS ASSOCIADOS,04.469.994/0001-40,"R$ 170,38",1/22/2026,gerenciamento,emissão nota e boleto,Jenifer,NÃO,,,jenifer@luxustelefonia.com.br
1/11/2026,RDP ENERGIA - REJAILE,00.209.895/0001-79,"R$ 350,00",1/22/2026,movel/assessoria,emissão nota e boleto,Jenifer,NÃO,,,jenifer@luxustelefonia.com.br
1/11/2026,ROSINEI VEDOY DA SILVA,10.855.207/0001-00,"R$ 4.000,00",1/26/2026,movel/assessoria,emissão nota e boleto,Jenifer,NÃO,,,jenifer@luxustelefonia.com.br
1/11/2026,SINDICATO DOS TRABALHADORES AGRICULTORES FAMILIARES DE FARROUPILHA - SINTRAFAR,89.849.608/0001-07,"R$ 277,89",1/22/2026,movel/assessoria,emissão nota e boleto,Jenifer,NÃO,,,jenifer@luxustelefonia.com.br
1/11/2026,SINDICATO DOS TRABALHADORES RURAIS DE COLINAS,02.180.326/0001-73,"R$ 604,00",1/22/2026,movel/assessoria,emissão nota e boleto,Jenifer,NÃO,,,jenifer@luxustelefonia.com.br
1/12/2026,GLORY,10.204.892/0001-04,"R$ 198,90",1/26/2026,movel/assessoria,emissão nota e boleto,Francine,NÃO,,,suporte2@luxustelefonia.com.br
1/12/2026,SINDICATO DOS FUNCIONÁRIOS MUNICIPAIS DE SOBRADINHO,92.000.918/0001-59,"R$ 858,10",1/26/2026,movel/assessoria,emissão nota e boleto,Francine,NÃO,,,suporte2@luxustelefonia.com.br
1/12/2026,MADEIREIRA HAAS LTDA,98.597.917/0001-10,"R$ 534,80",1/26/2026,movel/assessoria,emissão nota e boleto,Francine,NÃO,,,suporte2@luxustelefonia.com.br
1/12/2026,TRANSPORTADORA AUGUSTA SP LTDA,94.193.257/0012-03,"R$ 322,10",1/26/2026,movel/assessoria,emissão nota e boleto,Francine,NÃO,,,suporte2@luxustelefonia.com.br
1/12/2026,ASSOCIAÇÃO DOS GERENTES DO BANCO DO BRASIL AGEBB,56.270.895/0001-39,"R$ 778,80",1/26/2026,movel/assessoria,emissão nota e boleto,Francine,NÃO,,,suporte2@luxustelefonia.com.br
1/12/2026,SCHENKER DO BRASIL TRANSPORTES INTERNACIONAIS LTDA,43.823.079/0001-63,"R$ 2.620,10",1/26/2026,movel/assessoria,emissão nota e boleto,Francine,NÃO,,,suporte2@luxustelefonia.com.br
1/12/2026,EUGÊNIO FRIEDRICH-ME,89.690.556/0001-60,"R$ 1.690,15",1/26/2026,movel/assessoria,emissão nota e boleto,Francine,NÃO,,,suporte2@luxustelefonia.com.br
1/12/2026,AUTOMATECH SISTEMAS DE AUTOMAÇÃO LTDA,03.385.913/0001-61,"R$ 374,90",1/26/2026,movel/assessoria,emissão nota e boleto,Francine,NÃO,,,suporte2@luxustelefonia.com.br
1/12/2026,REDOL ALIMENTOS LTDA,01.453.168/0001-15,"R$ 404,60",1/26/2026,movel/assessoria,emissão nota e boleto,Francine,NÃO,,,suporte2@luxustelefonia.com.br
1/12/2026,ASSOCIAÇÃO DOS FUNC. E PROFESSORES DA URI SANTIAGO,05.349.716/0001-12,"R$ 695,90",1/26/2026,movel/assessoria,emissão nota e boleto,Francine,NÃO,,,suporte2@luxustelefonia.com.br
1/12/2026,SIMA- SINDICATO DOS MUNICIPÁRIOS DE AMARAL FERRADOR,13.263.847/0001-00,"R$ 675,60",1/29/2026,movel/assessoria,emissão nota e boleto,Francine,NÃO,,,suporte2@luxustelefonia.com.br
1/12/2026,COMEXPORT COMPANHIA DE COMERCIO DE COMÉRCIO EXTERIOR,43.633.296/0001-90,"R$ 721,90",1/26/2026,movel/assessoria,emissão nota e boleto,Francine,NÃO,,,suporte2@luxustelefonia.com.br
1/12/2026,COOPERATIVA AGRICOLA MISTA NOVA PALMA LTDA,91.022.632/0001-01,"R$ 2.000,00",2/5/2026,movel/assessoria,emissão nota e boleto,Francine,NÃO,,,suporte2@luxustelefonia.com.br
1/12/2026,TABACUM INTERAMERICAN COMERCIO E EXPORTACAO DE FUMOS LTDA,05.648.120/0003-85,"R$ 200,00",2/8/2026,movel/assessoria,emissão nota e boleto,Francine,NÃO,,,suporte2@luxustelefonia.com.br
1/12/2026,SINDICATO DO COMERCIO VAREJISTA DE CAXIAS DO SUL,88.662.770/0001-40,"R$ 10.094,95",1/28/2026,Aluguel,emissão nota e boleto,Bruna,Não,,Telefonia,bruna@luxustelefonia.com.br
1/12/2026,METALTECSS REVESTIMENTOS DE METAIS LTDA,00.925.102/0001-18,"R$ 1.697,37",1/22/2026,Aluguel,emissão nota e boleto,Bruna,Não,,serra,bruna@luxustelefonia.com.br
1/12/2026,SIND. DOS TRAB. AGRIC. FAM. DE FARROUPILHA - SINTRAFAR.,89.849.608/0001-07,"R$ 9.819,15",1/23/2026,Aluguel,emissão nota e boleto,Bruna,Não,,serra,bruna@luxustelefonia.com.br
1/12/2026,COOP DESENV E DIFUSãO TECNOLOGIA AGRICOLA CRUZ ALTA LTDA - COOPERTEC,03.840.349/0001-20,"R$ 1.790,38",1/22/2026,movel/assessoria,emissão nota e boleto,Jenifer,NÃO,,,jenifer@luxustelefonia.com.br
1/12/2026,GF PNEUS COMERCIAL E DISTRIBUIDORA LTDA (FILIAL),93.894.954/0005-08,"R$ 822,15",1/22/2026,movel/assessoria,emissão nota e boleto,Jenifer,NÃO,,,jenifer@luxustelefonia.com.br
1/12/2026,SIEMENS INDUSTRY SOFTWARE LTDA.,02.283.647/0001-01,"R$ 568,10",4/23/2026,movel/assessoria,emissão apenas da nota fiscal,Jenifer,NÃO,,,jenifer@luxustelefonia.com.br
1/12/2026,SINDICATO SERV MUNIC SÃO MARCOS,07.362.420/0001-67,"R$ 1.207,50",2/10/2026,movel/assessoria,emissão nota e boleto,Jenifer,NÃO,,,jenifer@luxustelefonia.com.br
1/12/2026,SANTA CASA DE MISERICóRDIA DA BAHIA,15.153.745/0001-68,"R$ 683,80",2/5/2026,movel/assessoria,emissão nota e boleto,Jenifer,NÃO,,,jenifer@luxustelefonia.com.br
1/14/2026,UNIMED ARARUAMA COOPERATIVA DE TRABALHO MEDICO,00.111.826/0001-28,"R$ 19.187,98",1/26/2026,Aluguel,nf e boleto,Bruna,Não,,Telefonia,bruna@luxustelefonia.com.br
1/14/2026,SINDICATO DOS PROFESSORES MUNICIPAIS LEOPOLDENSES - CEPROL,92.932.763/0001-99,"R$ 25.606,59",2/10/2026,Aluguel,nf e boleto,Bruna,Não,,Telefonia,bruna@luxustelefonia.com.br
1/14/2026,JOSE ERY CAMARGO - ADVOGADOS ASSOCIADOS,04.469.994/0001-40,"R$ 234,69",1/22/2026,FIXO,nf e boleto,Lisete,Não,,,lisete@luxustelefonia.com.br
1/14/2026,OITO DISTRIBUIDORA DE TITULOS E ADMINISTRACAO LTDA,10.974.999/0001-23,"R$ 1.034,36",1/22/2026,FIXO,nf e boleto,Lisete,Não,,,lisete@luxustelefonia.com.br
1/14/2026,EXECUTIVA COM DE MAQ E EQUIPAMENTOS PARA ESCRITORIO LTDA,14.729.826/0001-09,"R$ 75,89",1/22/2026,FIXO,nf e boleto,Lisete,Não,,,lisete@luxustelefonia.com.br
1/14/2026,"COOPERATIVA DE CREDITO, POUPANCA E INVESTIMENTO ESSENCIA RS/ES - SICREDI ESSENCIA",87.733.077/0001-59,"R$ 220,00",1/22/2026,FIXO,nf e boleto,Lisete,Não,,,lisete@luxustelefonia.com.br
1/14/2026,ASSOCIACAO DOS TRANSPORTADORES URBANOS DE PASSAGEIROS DE SANTA MARIA - ATU,02.191.788/0001-96,"R$ 350,00",1/22/2026,FIXO,nf e boleto,Lisete,Não,,,lisete@luxustelefonia.com.br
1/14/2026,IRMAOS CIOCCARI E CIA LTDA,87.675.831/0001-41,"R$ 220,00",1/22/2026,FIXO,nf e boleto,Lisete,Não,,,lisete@luxustelefonia.com.br
1/14/2026,GENERAL COAT PINTURA INDUSTRIAL LTDA,09.451.565/0001-60,"R$ 200,00",1/22/2026,FIXO,nf e boleto,Lisete,Não,,,lisete@luxustelefonia.com.br
1/14/2026,AGROPECUARIA TRIUNFO LTDA,05.949.166/0001-72,"R$ 102,39",1/22/2026,FIXO,nf e boleto,Lisete,Não,,,lisete@luxustelefonia.com.br
1/14/2026,MAGIC BRANDS INDUSTRIA E COMERCIO DE CONFECCOES LTDA,11.734.998/0001-74,"R$ 869,79",,Aluguel,nf 000053 corrigir para cardoso,Bruna,,,,bruna@luxustelefonia.com.br
1/14/2026,MAGIC BRANDS INDUSTRIA E COMERCIO DE CONFECCOES LTDA,11.734.998/0001-74,"R$ 34,99",,Aluguel,nf 0006 corrigir para telefonia,Bruna,,,,bruna@luxustelefonia.com.br
15-jan.,SCHENKER DO BRASIL TRANSPORTES INTERNACIONAIS,43.823.079/0001-63,"R$ 2.620,10",1/26/2026,móvel/assessoria,cancelar boleto e nf,Francine,não,cliente mudou a razão e cnpj,,suporte2@luxustelefonia.com.br
15-jan.,DSV CONTRACT LOGISTICS BRASIL LTDA,49.728.108/0001-94,"R$ 2.620,10",1/28/2026,móvel/assessoria,boleto e nf,Francine,SIM,,MESMO QUE ERA NA SCHENKER,suporte2@luxustelefonia.com.br
1/16/2026,PRATICOS DA BARRA DO RIO GRANDE LTDA,02.390.883/0001-19,"R$ 274,25",1/26/2026,movel/assessoria,emissão nota e boleto,Jenifer,NÃO,DANFOM,,jenifer@luxustelefonia.com.br
1/16/2026,"SICREDI PAMPA GAUCHO - COOPERATIVA DE CREDITO, POUPANCA E INVESTIMENTO ESSENCIA RS/ES SICREDI ESSENCIA",87.733.077/0001-59,"R$ 1.677,63",1/26/2026,movel/assessoria,emissão nota e boleto,Jenifer,NÃO,,,jenifer@luxustelefonia.com.br
1/16/2026,VIACAO OURO E PRATA SA,92.954.106/0001-42,"R$ 397,31",1/26/2026,movel/assessoria,emissão nota e boleto,Jenifer,NÃO,,,jenifer@luxustelefonia.com.br
1/16/2026,AJURIS- ASSOCIAÇÃO DOS JUIZES DO RIO GRANDE DO SUL,92.965.748/0001-47,"R$ 8.500,00",1/29/2026,movel/assessoria,emissão nota e boleto,Jenifer,NÃO,,,jenifer@luxustelefonia.com.br
1/16/2026,MAQUINAS AGRÍCOLAS CARPENEDO LTDA,95.814.927/0001-71,"R$ 160,00",1/26/2026,movel/assessoria,emissão nota e boleto,Jenifer,NÃO,,,jenifer@luxustelefonia.com.br
1/16/2026,SIND TRAB IND PUR DIST AGUA SERV ESG DO ESTADO DO RS - SINDIAGUA,90.003.310/0001-52,"R$ 220,00",1/26/2026,movel/assessoria,emissão nota e boleto,Jenifer,NÃO,,,jenifer@luxustelefonia.com.br
1/16/2026,SINDICATO RURAL DE IBIRUBA,93.541.480/0001-89,"R$ 829,08",1/26/2026,movel/assessoria,emissão nota e boleto,Jenifer,NÃO,,,jenifer@luxustelefonia.com.br
1/16/2026,ASSOCIACAO DOS SERVIDORES DO BANCO CENTRAL - ASBAC PORTO ALEGRE,02.492.319/0001-07,"R$ 2.092,40",2/9/2026,movel/assessoria,emissão nota e boleto,Jenifer,NÃO,,,jenifer@luxustelefonia.com.br
1/16/2026,GF PNEUS COMERCIAL E DISTRIBUIDORA LTDA,93.894.954/0003-38,"R$ 48,52",1/26/2026,movel/assessoria,emissão nota e boleto,Jenifer,NÃO,,,jenifer@luxustelefonia.com.br
1/16/2026,LUNDBECK BRASIL LTDA,04.522.600/0001-70,"R$ 504,00",2/20/2026,movel/assessoria,emissão nota e boleto,Jenifer,NÃO,,,jenifer@luxustelefonia.com.br
1/16/2026,AFBNDES,33.984.550/0001-41,"R$ 4.430,07",1/27/2026,movel/assessoria,emissão nota e boleto,Jenifer,NÃO,,,jenifer@luxustelefonia.com.br
1/16/2026,HIPRA,92.662.501/0001-51,"R$ 417,96",1/26/2026,movel/assessoria,emissão nota e boleto,Jenifer,NÃO,,,jenifer@luxustelefonia.com.br
1/16/2026,AUGUSTIN,91.495.457/0001-70,"R$ 150,00",1/26/2026,movel/assessoria,emissão nota e boleto,Jenifer,NÃO,,,jenifer@luxustelefonia.com.br
1/16/2026,UNIMED PATOS DE MINAS,38.499.547/0001-56,"R$ 500,00",1/28/2026,movel/assessoria,emissão nota e boleto,Jenifer,NÃO,,,jenifer@luxustelefonia.com.br
1/16/2026,SINDICATO INTERMUNICIPAL DAS INDUSTRIAS MADEIREIRAS - SINDIMADEIRA - RS,87.815.437/0001-61,"R$ 476,58",1/26/2026,FIXO,nf e boleto,Lisete,Não,,,lisete@luxustelefonia.com.br
1/16/2026,ORDEM DOS ADVOGADOS DO BRASIL SECAO DA BAHIA,14.259.469/0001-54,"R$ 286,72",1/26/2026,FIXO,nf e boleto,Lisete,Não,,,lisete@luxustelefonia.com.br
1/19/2026,UNIMED PATOS DE MINAS,38499547000156,"R$ 159,96",1/30/2026,Aluguel,nf e boleto,Bruna,Não,,serra,bruna@luxustelefonia.com.br
1/19/2026,MARZARI ALIMENTOS LTDA,95.600.235/0001-20,"R$ 320,72",2/10/2026,FIXO,nf e boleto,Lisete,não,,,lisete@luxustelefonia.com.br
1/19/2026,G & A DISTRIBUIDORA DE PECAS E ACESSORIOS LTDA - TOGNI,04.470.511/0001-28,"R$ 115,42",1/26/2026,FIXO,nf e boleto,Lisete,Não,,,lisete@luxustelefonia.com.br
1/20/2026,ALIBEM ALIMENTOS S.A.,03.941.052/0001-50,"R$ 1.410,84",2/10/2026,movel/assessoria,emissão nota e boleto,Jenifer,NÃO,,,jenifer@luxustelefonia.com.br
1/21/2026,ORDEM DOS ADVOGADOS DO BRASIL SECAO DA BAHIA,14.259.469/0001-54,"R$ 286,72",1/28/2026,FIXO,nf e boleto,não,,,,lisete@luxustelefonia.com.br
1/21/2026,SINDICATO INTERMUNICIPAL DAS INDUSTRIAS MADEIREIRAS - SINDIMADEIRA - RS,87.815.437/0001-61,"R$ 476,58",1/28/2026,FIXO,nf e boleto,não,,,,lisete@luxustelefonia.com.br
1/22/2026,TRIAUTO PROTECAO VEICULAR,36.552.203/0001-38,"R$ 0,86",1/20/2026,Aluguel,somentte nf,Bruna,não,,telefonia,bruna@luxustelefonia.com.br
27-jan.,CRESOL,15.039.387/0001-67,"R$ 1.411,76",1/28/2026,movel/assessoria,alteração de vencimento,Jenifer,não,,,jenifer@luxustelefonia.com.br
27-jan.,ASSOCIAÇÃO DOS SERVIDORES MUNICIPAIS DE VENÂNCIO AIRES,94.236.510/0001-06,"R$ 10.988,95",29/02/2026,movel/assessoria,nf e boleto,Francine,nao,,,suporte2@luxustelefonia.com.br
30-jan.,SIND TRAB IND PUR DIST AGUA SERV ESG DO ESTADO DO RS,90.003.310/0001-52,"R$ 209,77",1/26/2026,FIXO,cancelamento de NF e Boleto,Jenifer,Não,Gerado boleto em duplicidade,,jenifer@luxustelefonia.com.br
30-jan.,SINDICATO INTERMUNICIPAL DAS INDUSTRIAS MADEIREIRAS - SINDIMADEIRA - RS,87.815.437/0001-61,"R$ 476,58",1/26/2026,FIXO,cancelamento de NF e Boleto,Jenifer,Não,Gerado boleto em duplicidade,,jenifer@luxustelefonia.com.br
2/3/2026,ASSOCIACAO DOS GESTORES DA CAIXA ECONOMICA FEDERAL DE SANTA CATARINA - AGECEF,80.675.077/0001-09,"R$ 496,80",2/13/2026,movel/assessoria,emissão nota e boleto,Jenifer,NÃO,Enviar também pelo whats (LUCAS 48991194202),,jenifer@luxustelefonia.com.br
2/3/2026,ASSOCIAÇÃO DOS SERVIDORES MUNICIPAIS DE ILOPOLIS,04.225.061/0001-08,"R$ 1.051,00",2/13/2026,movel/assessoria,emissão nota e boleto,Jenifer,NÃO,,,jenifer@luxustelefonia.com.br
2/3/2026,GF PNEUS COMERCIAL E DISTRIBUIDORA LTDA (MATRIZ),93.894.954/0001-76,"R$ 1.396,48",2/13/2026,movel/assessoria,emissão nota e boleto,Jenifer,NÃO,,,jenifer@luxustelefonia.com.br
2/3/2026,ASSOCIAÇÃO DOS PROFESSORES DA FUNDAÇÃO UNIVERSIDADE DE PASSO FUNDO / APROFUPF,89.764.765/0001-01,"R$ 671,92",2/13/2026,movel/assessoria,emissão nota e boleto,Jenifer,NÃO,,,jenifer@luxustelefonia.com.br
2/3/2026,CARGNELUTTI E CIA LTDA,98.417.645/0001-29,"R$ 218,04",2/13/2026,movel/assessoria,emissão nota e boleto,Jenifer,NÃO,,,jenifer@luxustelefonia.com.br
2/3/2026,COOPERFAR-COOP DOS TRANSPORTADORES AUTONOMOS DE FARROUPILHA LTDA,07.312.871/0001-90,"R$ 1.569,30",2/13/2026,movel/assessoria,emissão nota e boleto,Jenifer,NÃO,,,jenifer@luxustelefonia.com.br
2/3/2026,SINDICATO DOS SERVIDORES MUNICIPAIS DE TORRES,90.800.590/0001-20,"R$ 889,27",3/5/2026,movel/assessoria,emissão nota e boleto,Jenifer,NÃO,,,jenifer@luxustelefonia.com.br
2/3/2026,SINDICATO DOS SERVIDORES PUBLICOS MUNICIPAIS DE DOM PEDRO DE ALCANTARA - SISPDOPA,05.892.630/0001-31,"R$ 346,00",2/13/2026,movel/assessoria,emissão nota e boleto,Jenifer,NÃO,,,jenifer@luxustelefonia.com.br
2/3/2026,COOP. ECONOMIA E CRÉDITO MÚTUO DOS EMPREGADOS DO BANRISUL - BANRICOOP,92.935.741/0001-82,"R$ 3.773,59",2/18/2026,movel/assessoria,emissão nota e boleto,Jenifer,NÃO,,,jenifer@luxustelefonia.com.br
2/3/2026,METALTECSS REVESTIMENTO DE METAIS LTDA,00.925.102/0001-18,"R$ 250,00",2/13/2026,movel/assessoria,emissão nota e boleto,Jenifer,NÃO,,,jenifer@luxustelefonia.com.br
2/3/2026,AFBNDES,33.984.550/0001-41,"R$ 9.770,53",2/17/2026,movel/assessoria,emissão nota e boleto,Jenifer,NÃO,,,jenifer@luxustelefonia.com.br
2/3/2026,INSTITUTO NACIONAL DE DESENVOLVIMENTO SOCIAL E HUMANO - INDSH,23.453.830/0015-75,"R$ 208,32",2/13/2026,movel/assessoria,emissão nota e boleto,Jenifer,NÃO,,,jenifer@luxustelefonia.com.br
2/4/26 9:42,CAMARA DE INDUSTRIA COMERCIO SERVICOS E AGROPECUARIA DE SAO MARCOS,90.480.336/0001-91,"R$ 1.594,72",2/20/2026,Aluguel,Emissão apenas nota fiscal,Bruna,NÃO,,CARDOSO E POLI,bruna@luxustelefonia.com.br
2/4/26 9:42,COOPERATIVA TRITICOLA CACAPAVANA LTDA - COTRISUL,87.678.132/0001-55,"R$ 6.429,91",2/20/2026,Aluguel,Emissão apenas nota fiscal,Bruna,NÃO,,CARDOSO E POLI,bruna@luxustelefonia.com.br
2/4/26 9:42,DO VALE COMERCIO DE PNEUMATICOS LTDA,08.713.358/0001-73,"R$ 209,98",2/20/2026,Aluguel,Emissão apenas nota fiscal,Bruna,NÃO,,CARDOSO E POLI,bruna@luxustelefonia.com.br
2/4/26 9:42,GENERAL COAT PINTURA INDUSTRIAL LTDA,09.451.565/0001-60,"R$ 992,46",2/20/2026,Aluguel,Emissão apenas nota fiscal,Bruna,NÃO,,CARDOSO E POLI,bruna@luxustelefonia.com.br
2/4/26 9:42,MULTIRISCO ADMINISTRACAO E CORRETAGEM DE SEGUROS LTDA,92.872.324/0001-38,"R$ 494,91",2/20/2026,Aluguel,Emissão apenas nota fiscal,Bruna,NÃO,,CARDOSO E POLI,bruna@luxustelefonia.com.br
2/4/26 9:42,PAGLIARIN E CIA LTDA,97.168.066/0001-27,"R$ 219,85",2/20/2026,Aluguel,Emissão apenas nota fiscal,Bruna,NÃO,,CARDOSO E POLI,bruna@luxustelefonia.com.br
2/4/26 9:42,SONDA TRANSPORTES SA,88.584.875/0001-29,"R$ 669,55",2/20/2026,Aluguel,Emissão apenas nota fiscal,Bruna,NÃO,,CARDOSO E POLI,bruna@luxustelefonia.com.br
2/4/26 9:42,T F CARLET,30.219.383/0001-54,"R$ 379,95",2/20/2026,Aluguel,Emissão apenas nota fiscal,Bruna,NÃO,,CARDOSO E POLI,bruna@luxustelefonia.com.br
2/4/26 9:42,VITIVINICOLA JOLIMONT LTDA,88.212.881/0001-55,"R$ 689,93",2/20/2026,Aluguel,Emissão apenas nota fiscal,Bruna,NÃO,,CARDOSO E POLI,bruna@luxustelefonia.com.br
2/4/26 9:42,ORDEM DOS ADVOGADOS DO BRASIL SECCAO DO RIO G DO SUL,87.019.584/0012-88,"R$ 29,99",2/20/2026,Aluguel,Emissão apenas nota fiscal,Bruna,NÃO,,CARDOSO E POLI,bruna@luxustelefonia.com.br
2/4/26 9:42,COOPERATIVA DE CREDITO E INVESTIMENTO LIBERDADE - SICREDI LIBERDADE,88.530.142/0001-01,"R$ 389,70",2/20/2026,Aluguel,Emissão apenas nota fiscal,Bruna,NÃO,,CARDOSO E POLI,bruna@luxustelefonia.com.br
2/4/26 9:42,EMERGENCIALL EMERGENCIAS AMBIENTAIS LTDA,05.441.968/0001-77,"R$ 861,55",2/20/2026,Aluguel,Emissão apenas nota fiscal,Bruna,NÃO,,CARDOSO E POLI,bruna@luxustelefonia.com.br
2/4/26 9:42,CASA DO MEL,02.174.156/0001-14,"R$ 44,99",2/20/2026,Aluguel,Emissão apenas nota fiscal,Bruna,NÃO,,CARDOSO E POLI,bruna@luxustelefonia.com.br
2/4/26 9:42,CONEXAO DIRETA SERVICOS DE APOIO ADMINISTRATIVO LTDA,58.485.075/0001-90,"R$ 5.528,21",2/20/2026,Aluguel,BOLETO,Bruna,NÃO,,LUXUS TELEFONIA LTDA,meline@luxustelefonia.com.br
2/4/26 9:42,ORDEM DOS ADVOGADOS DO BRASIL SECAO DA BAHIA,14.259.469/0001-54,"R$ 39,99",2/20/2026,Aluguel,Emissão apenas nota fiscal,,,VIVO,LUXUS TELEFONIA LTDA,bruna@luxustelefonia.com.br
2/4/26 9:42,ORDEM DOS ADVOGADOS DO BRASIL SECAO DA BAHIA,14.259.469/0001-54,"R$ 39,99",2/20/2026,Aluguel,Emissão apenas nota fiscal,,,VIVO,LUXUS TELEFONIA LTDA,bruna@luxustelefonia.com.br
2/4/26 9:42,ORDEM DOS ADVOGADOS DO BRASIL SECAO DA BAHIA,14.259.469/0001-54,"R$ 39,99",2/20/2026,Aluguel,Emissão apenas nota fiscal,,,VIVO,LUXUS TELEFONIA LTDA,bruna@luxustelefonia.com.br
2/9/2026,DISMARIA DISTRIBUIDORA SANTA MARIA LTDA,05.985.207/0001-86,"R$ 300,00",2/20/2026,movel/assessoria,emissão nota e boleto,Jenifer,NÃO,,,jenifer@luxustelefonia.com.br
2/9/2026,ASSOCIAÇÃO DOS POLICIAIS RODOVIÁRIOS FEDERAIS DE SANTA MARIA - APRF/SM,94.446.887/0001-90,"R$ 224,00",2/20/2026,movel/assessoria,emissão nota e boleto,Jenifer,NÃO,,,jenifer@luxustelefonia.com.br
2/9/2026,SINDILOJAS - SINDICATO DO COMERCIO VAREJISTA DE CAXIAS DO SUL,88.662.770/0001-40,"R$ 280,50",2/20/2026,movel/assessoria,emissão nota e boleto,Jenifer,NÃO,,,jenifer@luxustelefonia.com.br
2/9/2026,ASSOCIAÇÃO DOS TRABALHADORES NA AGRICULTURA FAMILIAR DA ENCOSTA SUPERIOR DO NORDESTE-CRESOL,15.039.387/0001-67,"R$ 1.422,11",2/20/2026,movel/assessoria,emissão nota e boleto,Jenifer,NÃO,,,jenifer@luxustelefonia.com.br
2/9/2026,COOPERATIVA AGRÍCOLA MISTA IBIRAIARAS LTDA - COOPIBI,91.061.036/0001-30,"R$ 789,28",2/20/2026,movel/assessoria,emissão nota e boleto,Jenifer,NÃO,,,jenifer@luxustelefonia.com.br
2/9/2026,F POZOBON SISTEMAS DE HIGIENE E LIMPEZA - EIRELI,07.119.129/0001-62,"R$ 535,57",2/20/2026,movel/assessoria,emissão nota e boleto,Jenifer,NÃO,,,jenifer@luxustelefonia.com.br
2/9/2026,SOLTEC,23.294.509/0001-90,"R$ 132,00",3/5/2026,movel/assessoria,emissão nota e boleto,Jenifer,NÃO,,,jenifer@luxustelefonia.com.br
2/9/2026,GRUPO K1 S.A.,00.912.882/0001-61,"R$ 198,78",2/20/2026,movel/assessoria,emissão nota e boleto,Jenifer,NÃO,,,jenifer@luxustelefonia.com.br
2/9/2026,ROSINEI VEDOY DA SILVA,10.855.207/0001-00,"R$ 4.000,00",2/20/2026,movel/assessoria,emissão nota e boleto,Jenifer,NÃO,,,jenifer@luxustelefonia.com.br
2/9/26 15:14,TRIAUTO PROTECAO VEICULAR,36.552.203/0001-39,"R$ 85,98",2/20/2026,Aluguel,Emissão apenas nota fiscal,Bruna,NÃO,TIM,LUXUS TELEFONIA LTDA,meline@luxustelefonia.com.br
2/9/26 15:14,DEMANDER FORCA DE VENDAS LTDA (TIM),37.868.347/0001-60,"R$ 128,97",2/20/2026,Aluguel,Emissão apenas nota fiscal,Bruna,NÃO,TIM,LUXUS TELEFONIA LTDA,meline@luxustelefonia.com.br
2/9/26 15:14,SUPERMERCADO LUTTERBECK LTDA,92.478.445/0001-08,"R$ 348,75",2/20/2026,Aluguel,Emissão apenas nota fiscal,Bruna,NÃO,TIM,LUXUS TELEFONIA LTDA,meline@luxustelefonia.com.br
2/9/2026,DREBES CIA LTDA (TIM),96.662.168/0001-31,"R$ 45,99",3/10/2026,Aluguel,Emissão nota e boleto,Bruna,NÃO,TIM,LUXUS TELEFONIA LTDA,meline@luxustelefonia.com.br
2/9/26 15:14,MAGIC BRANDS INDUSTRIA E COMERCIO DE CONFECCOES LTDA,11.734.998/0001-74,"R$ 34,99",2/20/2026,Aluguel,Emissão apenas nota fiscal,Bruna,NÃO,TIM,LUXUS TELEFONIA LTDA,meline@luxustelefonia.com.br
2/10/2026,COOPERATIVA REGIONAL DE ENERGIA TAQUARI JACUI,97.839.922/0001-29,"R$ 9.598,10",2/15/2026,Aluguel,nf e boleto,Rafa,NÃO,,LUXUS TELEFONIA LTDA,rafael@luxustelefonia.com.br
2/10/2026,HOSPITAL DE CARIDADE DE SANTIAGO,96.136.643/0001-36,"R$ 334,23",2/20/2026,movel/assessoria,emissão nota e boleto,Jenifer,NÃO,,,jenifer@luxustelefonia.com.br
2/10/2026,JOSE ERY CAMARGO - ADVOGADOS ASSOCIADOS,04.469.994/0001-40,"R$ 168,99",2/20/2026,gerenciamento,emissão nota e boleto,Jenifer,NÃO,,,jenifer@luxustelefonia.com.br
2/10/2026,RDP ENERGIA - REJAILE,00.209.895/0001-79,"R$ 350,00",2/20/2026,movel/assessoria,emissão nota e boleto,Jenifer,NÃO,,,jenifer@luxustelefonia.com.br
2/10/2026,"SICREDI PAMPA GAUCHO - COOPERATIVA DE CREDITO, POUPANCA E INVESTIMENTO ESSENCIA RS/ES SICREDI ESSENCIA",87.733.077/0001-59,"R$ 1.690,59",2/20/2026,movel/assessoria,emissão nota e boleto,Jenifer,NÃO,,,jenifer@luxustelefonia.com.br
2/10/2026,SINDICATO DOS TRABALHADORES AGRICULTORES FAMILIARES DE FARROUPILHA - SINTRAFAR,89.849.608/0001-07,"R$ 274,75",2/20/2026,movel/assessoria,emissão nota e boleto,Jenifer,NÃO,,,jenifer@luxustelefonia.com.br
2/10/2026,SINDICATO DOS TRABALHADORES RURAIS DE COLINAS,02.180.326/0001-73,"R$ 606,00",2/20/2026,movel/assessoria,emissão nota e boleto,Jenifer,NÃO,,,jenifer@luxustelefonia.com.br
2/10/2026,VIACAO OURO E PRATA SA,92.954.106/0001-42,"R$ 397,31",2/20/2026,movel/assessoria,emissão nota e boleto,Jenifer,NÃO,,,jenifer@luxustelefonia.com.br
2/10/2026,AFBNDES,33.984.550/0001-41,"R$ 4.725,00",2/24/2026,movel/assessoria,emissão nota e boleto,Jenifer,NÃO,,,jenifer@luxustelefonia.com.br
2/10/2026,OITO DISTRIBUIDORA DE TITULOS E ADMINISTRACAO LTDA,10.974.999/0001-23,"R$ 1.034,36",2/20/2026,FIXO,emissão nota e boleto,Lisete,Não,,,lisete@luxustelefonia.com.br
2/10/2026,EXECUTIVA COM DE MAQ E EQUIPAMENTOS PARA ESCRITORIO LTDA,14.729.826/0001-09,"R$ 75,89",2/20/2026,FIXO,emissão nota e boleto,Lisete,Não,,,lisete@luxustelefonia.com.br
2/10/2026,"COOPERATIVA DE CREDITO, POUPANCA E INVESTIMENTO ESSENCIA RS/ES - SICREDI ESSENCIA",87.733.077/0001-59,"R$ 220,00",2/20/2026,FIXO,emissão nota e boleto,Lisete,Não,,,lisete@luxustelefonia.com.br
2/10/2026,ASSOCIACAO DOS TRANSPORTADORES URBANOS DE PASSAGEIROS DE SANTA MARIA - ATU,02.191.788/0001-96,"R$ 350,00",2/20/2026,FIXO,emissão nota e boleto,Lisete,Não,,,lisete@luxustelefonia.com.br
2/10/2026,GENERAL COAT PINTURA INDUSTRIAL LTDA,09.451.565/0001-60,"R$ 200,00",2/20/2026,FIXO,emissão nota e boleto,Lisete,Não,,,lisete@luxustelefonia.com.br
2/10/2026,AGROPECUARIA TRIUNFO LTDA,05.949.166/0001-72,"R$ 102,39",2/20/2026,FIXO,emissão nota e boleto,Lisete,Não,,,lisete@luxustelefonia.com.br
2/10/2026,SIND TRAB IND PUR DIST AGUA SERV ESG DO ESTADO DO RS,90.003.310/0001-52,"R$ 220,00",2/20/2026,FIXO,emissão nota e boleto,Lisete,Não,,,lisete@luxustelefonia.com.br
2/10/2026,IRMAOS CIOCCARI E CIA LTDA,87.675.831/0001-41,"R$ 220,00",2/20/2026,FIXO,emissão nota e boleto,Lisete,Não,,,lisete@luxustelefonia.com.br
2/13/2026,GLORY,10.204.892/0001-04,R$ 199.60,2/25/2026,móvel/assessoria,boleto e nf,FRANCINE,não,,,suporte2@luxustelefonia.com.br
2/13/2026,SINDICATO DOS FUNCIONÁRIOS MUNICIPAIS DE SOBRADINHO,92.000.918/0001-59,"R$ 865,80",2/25/2026,móvel/assessoria,boleto e nf,FRANCINE,não,,,suporte2@luxustelefonia.com.br
2/13/2026,MADEIREIRA HAAS LTDA,98.597.917/0001-10,"R$ 535,10",2/25/2026,móvel/assessoria,boleto e nf,FRANCINE,não,,,suporte2@luxustelefonia.com.br
2/13/2026,TRANSPORTADORA AUGUSTA SP LTDA,94.193.257/0012-03,"R$ 322,90",2/25/2026,móvel/assessoria,boleto e nf,FRANCINE,não,,,suporte2@luxustelefonia.com.br
2/13/2026,ASSOCIAÇÃO DOS GERENTES DO BANCO DO BRASIL AGEBB,56.270.895/0001-39,"R$ 779,10",2/25/2026,móvel/assessoria,boleto e nf,FRANCINE,não,,,suporte2@luxustelefonia.com.br
2/13/2026,DSV AIR & SEA BRASIL LTDA,49.728.108/0001-94,"R$ 2.715,80",2/25/2026,móvel/assessoria,boleto e nf,FRANCINE,não,,,suporte2@luxustelefonia.com.br
2/13/2026,EUGÊNIO FRIEDRICH-ME,89.690.556/0001-60,"R$ 1.691,15",2/26/2026,móvel/assessoria,boleto e nf,FRANCINE,não,,,suporte2@luxustelefonia.com.br
2/13/2026,AUTOMATECH SISTEMAS DE AUTOMAÇÃO LTDA,03.385.913/0001-61,"R$ 375,10",2/25/2026,móvel/assessoria,boleto e nf,FRANCINE,não,,,suporte2@luxustelefonia.com.br
2/13/2026,REDOL ALIMENTOS LTDA,01.453.168/0001-15,"R$ 404,60",2/25/2026,móvel/assessoria,boleto e nf,FRANCINE,não,,,suporte2@luxustelefonia.com.br
2/13/2026,ASSOCIAÇÃO DOS FUNC. E PROFESSORES DA URI SANTIAGO,05.349.716/0001-12,"R$ 699,90",2/25/2026,móvel/assessoria,boleto e nf,FRANCINE,não,,,suporte2@luxustelefonia.com.br
2/13/2026,SIMA- SINDICATO DOS MUNICIPÁRIOS DE AMARAL FERRADOR,13.263.847/0001-00,"R$ 678,10",2/25/2026,móvel/assessoria,boleto e nf,FRANCINE,não,,,suporte2@luxustelefonia.com.br
2/13/2026,COMEXPORT COMPANHIA DE COMERCIO DE COMÉRCIO EXTERIOR,43.633.296/0001-90,"R$ 722,10",2/26/2026,móvel/assessoria,boleto e nf,FRANCINE,não,,,suporte2@luxustelefonia.com.br
2/13/2026,COOPERATIVA AGRICOLA MISTA NOVA PALMA LTDA,91.022.632/0001-01,"R$ 2.000,00",3/5/2026,móvel/assessoria,boleto e nf,FRANCINE,não,,,suporte2@luxustelefonia.com.br
2/13/2026,TABACUM INTERAMERICAN COMERCIO E EXPORTACAO DE FUMOS LTDA,05.648.120/0003-85,"R$ 200,00",3/9/2026,móvel/assessoria,boleto e nf,FRANCINE,não,,,suporte2@luxustelefonia.com.br
2/13/2026,ASSOCIACAO DOS SERVIDORES MUNICIPAIS DE VENANCIO AIRES,94.236.510/0001-06,"R$ 10.998,85",2/26/2026,móvel/assessoria,boleto e nf,FRANCINE,não,,,suporte2@luxustelefonia.com.br
16-fev.,AJURIS- ASSOCIAÇÃO DOS JUIZES DO RIO GRANDE DO SUL,92.965.748/0001-47,"R$ 8.500,00",2/26/2026,movel/assessoria,emissão nota e boleto,Jenifer,NÃO,,,jenifer@luxustelefonia.com.br
16-fev.,MAQUINAS AGRÍCOLAS CARPENEDO LTDA,95.814.927/0001-71,"R$ 160,00",2/26/2026,movel/assessoria,emissão nota e boleto,Jenifer,NÃO,,,jenifer@luxustelefonia.com.br
2/16/2026,SIEMENS INDUSTRY SOFTWARE LTDA.,02.283.647/0001-01,"R$ 568,10",5/25/2026,movel/assessoria,emissão apenas da nota fiscal,Jenifer,NÃO,,,jenifer@luxustelefonia.com.br
2/16/2026,ASSOCIACAO DOS SERVIDORES DO BANCO CENTRAL - ASBAC PORTO ALEGRE,02.492.319/0001-07,"R$ 2.092,40",3/9/2026,movel/assessoria,emissão nota e boleto,Jenifer,NÃO,,,jenifer@luxustelefonia.com.br
2/16/2026,SANTA CASA DE MISERICóRDIA DA BAHIA,15.153.745/0001-68,"R$ 683,80",3/5/2026,movel/assessoria,emissão nota e boleto,Jenifer,NÃO,,,jenifer@luxustelefonia.com.br
16-fev.,HIPRA,92.662.501/0001-51,"R$ 417,96",2/26/2026,movel/assessoria,emissão nota e boleto,Jenifer,NÃO,,,jenifer@luxustelefonia.com.br
16-fev.,UNIMED PATOS DE MINAS,38.499.547/0001-56,"R$ 500,00",2/27/2026,movel/assessoria,emissão nota e boleto,Jenifer,NÃO,,,jenifer@luxustelefonia.com.br
17-fev.,PRATICOS DA BARRA DO RIO GRANDE LTDA,02.390.883/0001-19,"R$ 274,25",2/26/2026,movel/assessoria,emissão nota e boleto,Jenifer,NÃO,DANFOM,,jenifer@luxustelefonia.com.br
17-fev.,COOP DESENV E DIFUSãO TECNOLOGIA AGRICOLA CRUZ ALTA LTDA - COOPERTEC,03.840.349/0001-20,"R$ 1.825,98",2/26/2026,movel/assessoria,emissão nota e boleto,Jenifer,NÃO,,,jenifer@luxustelefonia.com.br
17-fev.,GF PNEUS COMERCIAL E DISTRIBUIDORA LTDA (FILIAL),93.894.954/0005-08,"R$ 840,96",2/26/2026,movel/assessoria,emissão nota e boleto,Jenifer,NÃO,,,jenifer@luxustelefonia.com.br
17-fev.,SINDICATO RURAL DE IBIRUBA,93.541.480/0001-89,"R$ 875,73",2/26/2026,movel/assessoria,emissão nota e boleto,Jenifer,NÃO,,,jenifer@luxustelefonia.com.br
17-fev.,SINDICATO SERV MUNIC SÃO MARCOS,07.362.420/0001-67,"R$ 1.209,80",2/26/2026,movel/assessoria,emissão nota e boleto,Jenifer,NÃO,,,jenifer@luxustelefonia.com.br
17-fev.,GF PNEUS COMERCIAL E DISTRIBUIDORA LTDA,93.894.954/0003-38,"R$ 48,52",2/26/2026,movel/assessoria,emissão nota e boleto,Jenifer,NÃO,,,jenifer@luxustelefonia.com.br
2/17/2026,LUNDBECK BRASIL LTDA,04.522.600/0001-70,"R$ 504,00",3/15/2026,movel/assessoria,emissão nota e boleto,Jenifer,NÃO,,,jenifer@luxustelefonia.com.br
17-fev.,AUGUSTIN,91.495.457/0001-70,"R$ 150,00",2/26/2026,movel/assessoria,emissão nota e boleto,Jenifer,NÃO,,,jenifer@luxustelefonia.com.br
2/19/2026,JOSE ERY CAMARGO - ADVOGADOS ASSOCIADOS,04.469.994/0001-40,"R$ 234,69",2/26/2026,FIXO,emissão nota e boleto,Lisete,não,,,lisete@luxustelefonia.com.br
2/19/2026,PORTO ALEGRE COUNTRY CLUB,92.850.577/0001-00,"R$ 51,81",2/26/2026,FIXO,emissão nota e boleto,Lisete,NÃO,,,lisete@luxustelefonia.com.br
2/19/2026,SINDICATO INTERMUNICIPAL DAS INDUSTRIAS MADEIREIRAS - SINDIMADEIRA - RS,87.815.437/0001-61,"R$ 474,76",6/26/2026,FIXO,emissão nota e boleto,Lisete,NÃO,,,lisete@luxustelefonia.com.br
2/19/2026,DEMANDER FORCA DE VENDAS LTDA,37.868.347/0001-60,128.97,6/26/2026,Aluguel,Emissão nf e boleto,Bruna,Não,,Telefonia,bruna@luxustelefonia.com.br
2/19/2026,UNIMED ARARUAMA COOPERATIVA DE TRABALHO MEDICO,00.111.826/0001-28,"R$ 18.928,96",2/26/2026,Aluguel,nf e boleto,Bruna,Não,,Telefonia,bruna@luxustelefonia.com.br
2/19/2026,MAGIC BRANDS INDUSTRIA E COMERCIO DE CONFECCOES LTDA,11.734.998/0001-74,"R$ 34,99",6/20/2026,Aluguel,nf e boleto,Bruna,Não,,Telefonia,bruna@luxustelefonia.com.br
2/19/2026,"GOSSLER, LUZ, LIBARDONI E CIA LTDA",17.012.045/0001-89,"R$ 80,63",2/26/2026,FIXO,nf e boleto,Lisete,Não,,,lisete@luxustelefonia.com.br
2/19/2026,SINDICATO DOS PROFESSORES MUNICIPAIS LEOPOLDENSES - CEPROL,92.932.763/0001-99,"R$ 26.924,14",3/10/2026,Aluguel,nf e boleto,Bruna,Não,,Telefonia,bruna@luxustelefonia.com.br
2/19/2026,G & A DISTRIBUIDORA DE PECAS E ACESSORIOS LTDA - TOGNI,04.470.511/0001-28,"R$ 115,42",2/26/2026,FIXO,nf e boleto,Lisete,Não,,,lisete@luxustelefonia.com.br
2/19/2026,ORDEM DOS ADVOGADOS DO BRASIL SECAO DA BAHIA,14.259.469/0001-54,"R$ 373,29",2/26/2026,FIXO,nf e boleto,Lisete,Não,,,lisete@luxustelefonia.com.br
2/21/2026,ALIBEM ALIMENTOS S.A.,03.941.052/0001-50,"R$ 1.410,84",3/10/2026,movel/assessoria,emissão nota e boleto,Jenifer,NÃO,,,jenifer@luxustelefonia.com.br
2/21/2026,GF PNEUS COMERCIAL E DISTRIBUIDORA LTDA (FILIAL),93.894.954/0005-08,"R$ 840,96",3/9/2026,movel/assessoria,alteração de vencimento,Jenifer,NÃO,,,jenifer@luxustelefonia.com.br
3/3/2026,ASSOCIACAO DOS GESTORES DA CAIXA ECONOMICA FEDERAL DE SANTA CATARINA - AGECEF,80.675.077/0001-09,"R$ 471,50",3/16/2026,movel/assessoria,emissão nota e boleto,Jenifer,NÃO,Enviar também pelo whats (LUCAS 48991194202),,jenifer@luxustelefonia.com.br
3/3/2026,ASSOCIAÇÃO DOS SERVIDORES MUNICIPAIS DE ILOPOLIS,04.225.061/0001-08,"R$ 935,90",3/16/2026,movel/assessoria,emissão nota e boleto,Jenifer,NÃO,,,jenifer@luxustelefonia.com.br
3/3/2026,GF PNEUS COMERCIAL E DISTRIBUIDORA LTDA (MATRIZ),93.894.954/0001-76,"R$ 1.414,58",3/16/2026,movel/assessoria,emissão nota e boleto,Jenifer,NÃO,,,jenifer@luxustelefonia.com.br
3/3/2026,ASSOCIAÇÃO DOS PROFESSORES DA FUNDAÇÃO UNIVERSIDADE DE PASSO FUNDO / APROFUPF,89.764.765/0001-01,"R$ 688,85",3/16/2026,movel/assessoria,emissão nota e boleto,Jenifer,NÃO,,,jenifer@luxustelefonia.com.br
3/3/2026,CARGNELUTTI E CIA LTDA,98.417.645/0001-29,"R$ 212,53",3/16/2026,movel/assessoria,emissão nota e boleto,Jenifer,NÃO,,,jenifer@luxustelefonia.com.br
3/3/2026,COOPERFAR-COOP DOS TRANSPORTADORES AUTONOMOS DE FARROUPILHA LTDA,07.312.871/0001-90,"R$ 1.569,30",3/16/2026,movel/assessoria,emissão nota e boleto,Jenifer,NÃO,,,jenifer@luxustelefonia.com.br
3/3/2026,SINDICATO DOS SERVIDORES MUNICIPAIS DE TORRES,90.800.590/0001-20,"R$ 889,27",4/2/2026,movel/assessoria,emissão nota e boleto,Jenifer,NÃO,,,jenifer@luxustelefonia.com.br
3/3/2026,SINDICATO DOS SERVIDORES PUBLICOS MUNICIPAIS DE DOM PEDRO DE ALCANTARA - SISPDOPA,05.892.630/0001-31,"R$ 344,27",3/16/2026,movel/assessoria,emissão nota e boleto,Jenifer,NÃO,,,jenifer@luxustelefonia.com.br
3/3/2026,SOLTEC,23.294.509/0001-90,"R$ 129,60",4/2/2026,movel/assessoria,emissão nota e boleto,Jenifer,NÃO,,,jenifer@luxustelefonia.com.br
3/3/2026,INSTITUTO NACIONAL DE DESENVOLVIMENTO SOCIAL E HUMANO - INDSH,23.453.830/0015-75,"R$ 213,62",3/16/2026,movel/assessoria,emissão nota e boleto,Jenifer,NÃO,,,jenifer@luxustelefonia.com.br
3/5/2026,METALTECSS REVESTIMENTO DE METAIS LTDA,00.925.102/0001-18,"R$ 1.697,37",3/20/2026,Aluguel,Emissão nota e boleto,Bruna,Não,,,meline@luxustelefonia.com.br
3/6/2026,SINDICATO DOS TRABALHADORES AGRICULTORES FAMILIARES DE FARROUPILHA - SINTRAFAR,89.849.608/0001-07,"R$ 9.839,81",3/23/2026,Aluguel,Emissão nota e boleto,Bruna,Não,,,meline@luxustelefonia.com.br
3/6/2026,SINDILOJAS - SINDICATO DO COMERCIO VAREJISTA DE CAXIAS DO SUL,88.662.770/0001-40,"R$ 10.186,00",3/25/2026,Aluguel,Emissão nota e boleto,Bruna,Não,,,meline@luxustelefonia.com.br
3/6/2026,TRIN TELECOMUNICACOES LTDA,59.349.326/0001-71,"R$ 4.798,00",3/20/2026,Aluguel,Emissão apenas do boleto,Bruna,Não,,,meline@luxustelefonia.com.br
4/1/2026,ALIBEM ALIMENTOS S.A.,03.941.052/0001-50,"R$ 1.412,94",4/10/2026,Movel/Assessoria,Emissão nota e boleto,Jenifer/Gabi,Não,,,maiara@luxustelefonia.com.br
4/1/2026,UNIMED PATOS DE MINAS COOPERATIVA DO TRABALHO MEDICO LT,38.499.547/0001-56,"R$ 500,00",4/20/2026,Movel/Assessoria,Emissão nota e boleto,Jenifer/Gabi,Não,,,maiara@luxustelefonia.com.br
3/6/2026,E2R REPRESENTACOES COMERCIAIS LTDA,10.451.213/0001-93,"R$ 385,55",3/10/2026,Aluguel,nf e boleto,Bruna,NÃO,,LUXUS TELEFONIA LTDA,bruna@luxustelefonia.com.br
3/6/2026,CASA DAS FECHADURAS ADROFECHA LTDA,92.613.413/0001-60,"R$ 754,48",3/10/2026,Aluguel,nf e boleto,Bruna,NÃO,,LUXUS TELEFONIA LTDA,bruna@luxustelefonia.com.br
3/6/2026,CORREA ZAMPIERI ENGENHARIA LTDA,00.999.960/0001-07,"R$ 1.155,58",3/10/2026,Aluguel,nf e boleto,Bruna,NÃO,,LUXUS TELEFONIA LTDA,bruna@luxustelefonia.com.br
3/6/2026,CONSTRUSUL - INDUSTRIA E COMERCIO DE MATERIAIS DE CONSTRUCAO E SERVICOS DE CONCRETAGEM LTDA,07.483.896/0001-56,"R$ 457,79",3/10/2026,Aluguel,nf e boleto,Bruna,NÃO,,LUXUS TELEFONIA LTDA,bruna@luxustelefonia.com.br
3/6/2026,DEMARCHI DEMARCHI LTDA,93.052.223/0001-83,"R$ 61,32",3/10/2026,Aluguel,Emissão apenas nota fiscal,Bruna,NÃO,,LUXUS TELEFONIA LTDA,bruna@luxustelefonia.com.br
3/6/2026,POLIDADOS INFORMATICA LTDA,04.782.491/0001-20,"R$ 488,53",3/10/2026,Aluguel,nf e boleto,Bruna,NÃO,,LUXUS TELEFONIA LTDA,bruna@luxustelefonia.com.br
3/6/2026,OIW INDUSTRIA ELETRONICA SA,07.212.549/0001-99,"R$ 63,97",3/10/2026,Aluguel,Emissão apenas nota fiscal,Bruna,NÃO,,LUXUS TELEFONIA LTDA,bruna@luxustelefonia.com.br
3/6/2026,MARCHER BRASIL AGROINDUSTRIAL SA,06.221.454/0001-79,"R$ 2.351,49",3/10/2026,Aluguel,nf e boleto,Bruna,NÃO,,LUXUS TELEFONIA LTDA,bruna@luxustelefonia.com.br
3/6/2026,ESTANCIA DA FIGUEIRA COMERCIO DE HORTIFRUTIGRANJEIROS LTDA,08.492.170/0001-42,"R$ 1.577,52",3/10/2026,Aluguel,nf e boleto,Bruna,NÃO,,LUXUS TELEFONIA LTDA,bruna@luxustelefonia.com.br
3/6/2026,FABIANO CORBELLINI E CIA LTDA,02.119.759/0001-13,"R$ 483,99",3/10/2026,Aluguel,nf e boleto,Bruna,NÃO,,LUXUS TELEFONIA LTDA,bruna@luxustelefonia.com.br
3/6/2026,FREE TINTAS LTDA,05.577.086/0001-33,"R$ 4.248,04",3/10/2026,Aluguel,nf e boleto,Bruna,NÃO,,LUXUS TELEFONIA LTDA,bruna@luxustelefonia.com.br
3/6/2026,JETSUL-COMERCIO E EQUIPAMENTOS DE INF. LTDA,00.849.925/0001-01,"R$ 407,70",3/10/2026,Aluguel,nf e boleto,Bruna,NÃO,,LUXUS TELEFONIA LTDA,bruna@luxustelefonia.com.br
3/6/2026,JORNAL A HORA LTDA,04.280.850/0001-41,"R$ 158,39",3/10/2026,Aluguel,Emissão apenas nota fiscal,Bruna,NÃO,,LUXUS TELEFONIA LTDA,bruna@luxustelefonia.com.br
3/6/2026,LEDUR IMPORTACAO E EXPORTACAO DE PEDRAS PRECIOSAS E SEMI PRECIOSAS LTDA,06.934.436/0001-34,"R$ 804,90",3/10/2026,Aluguel,nf e boleto,Bruna,NÃO,,LUXUS TELEFONIA LTDA,bruna@luxustelefonia.com.br
3/6/2026,REJAILE DISTRIBUIDORA DE PETROLEO LTDA,00.209.895/0001-79,"R$ 930,15",3/10/2026,Aluguel,nf e boleto,Bruna,NÃO,,LUXUS TELEFONIA LTDA,bruna@luxustelefonia.com.br
3/6/2026,SIND.EMPREGADOS EM ESTAB.DE SERVICOS DE SAUDE DE LAJEADO E VALE DO TAQUARI,92.892.538/0001-76,"R$ 373,22",3/10/2026,Aluguel,nf e boleto,Bruna,NÃO,,LUXUS TELEFONIA LTDA,bruna@luxustelefonia.com.br
3/6/2026,ASSOCIACAO DE CRIADORES DE SUINOS DO RIO GRANDE DO SUL,87.245.163/0001-12,"R$ 1.165,40",3/10/2026,Aluguel,nf e boleto,Bruna,NÃO,,LUXUS TELEFONIA LTDA,bruna@luxustelefonia.com.br
3/6/2026,WINGS CONSULTORIA E REPRESENTACOES LTDA,36.736.488/0001-67,"R$ 174,96",3/10/2026,Aluguel,Emissão apenas nota fiscal,Bruna,NÃO,,LUXUS TELEFONIA LTDA,bruna@luxustelefonia.com.br
3/6/2026,IMOBILIARIA REI DO IMOVEL LTDA,11.806.302/0001-78,"R$ 827,64",3/10/2026,Aluguel,nf e boleto,Bruna,NÃO,,LUXUS TELEFONIA LTDA,bruna@luxustelefonia.com.br
3/6/2026,MARIA EDUARDA CORTEZ DESIGN DE INTERIORES LTDA,46.609.234/0001-31,"R$ 760,14",3/10/2026,Aluguel,nf e boleto,Bruna,NÃO,,LUXUS TELEFONIA LTDA,bruna@luxustelefonia.com.br
3/6/2026,Blaster Detonacoes LTDA,13.962.167/0001-85,"R$ 226,91",3/10/2026,Aluguel,nf e boleto,Bruna,NÃO,,LUXUS TELEFONIA LTDA,bruna@luxustelefonia.com.br
3/6/2026,REFRICOMP - INDUSTRIA DE COMPONENTES PARA REFRIGERACAO LTDA,07.417.647/0001-62,"R$ 3.807,11",3/10/2026,Aluguel,nf e boleto,Bruna,NÃO,,LUXUS TELEFONIA LTDA,bruna@luxustelefonia.com.br
3/6/2026,GAS ZIMMER DISTRIBUIDORA DOS VALES LTDA,39.831.325/0001-51,"R$ 341,76",3/10/2026,Aluguel,nf e boleto,Bruna,NÃO,,LUXUS TELEFONIA LTDA,bruna@luxustelefonia.com.br
3/6/2026,ENOVA INDUSTRIA DE CALCADOS LTDA,32.013.159/0001-37,"R$ 558,58",3/10/2026,Aluguel,nf e boleto,Bruna,NÃO,,LUXUS TELEFONIA LTDA,bruna@luxustelefonia.com.br
3/6/2026,MARTINA INDUSTRIA DE CALCADOS LTDA,35.957.750/0001-30,"R$ 247,37",3/10/2026,Aluguel,nf e boleto,Bruna,NÃO,,LUXUS TELEFONIA LTDA,bruna@luxustelefonia.com.br
3/6/2026,CMAK AGROINDUSTRIA E COMERCIO DE MAQUINAS E EQUIPAMENTOS LTDA,22.779.620/0001-03,"R$ 1.239,69",3/10/2026,Aluguel,nf e boleto,Bruna,NÃO,,LUXUS TELEFONIA LTDA,bruna@luxustelefonia.com.br
3/6/2026,GRAFICA LAJEADENSE LTDA,88.057.187/0001-00,"R$ 422,89",3/10/2026,Aluguel,nf e boleto,Bruna,NÃO,,LUXUS TELEFONIA LTDA,bruna@luxustelefonia.com.br
3/6/2026,IRMAOS CIOCCARI E CIA LTDA,87.675.831/0001-41,"R$ 3.689,15",3/10/2026,Aluguel,nf e boleto,Bruna,NÃO,,LUXUS TELEFONIA LTDA,bruna@luxustelefonia.com.br
3/6/2026,TRANSPORTADORA SANTA CRUZ BRUNETTO LTDA,42.450.799/0001-68,"R$ 161,91",3/10/2026,Aluguel,Emissão apenas nota fiscal,Bruna,NÃO,,LUXUS TELEFONIA LTDA,bruna@luxustelefonia.com.br
3/6/2026,AG COMERCIO DE PNEUS LTDA,24.061.393/0001-01,"R$ 363,82",3/10/2026,Aluguel,nf e boleto,Bruna,NÃO,,LUXUS TELEFONIA LTDA,bruna@luxustelefonia.com.br
3/6/2026,JORNAL NOSSA GENTE VALE DO TAQUARI,01.236.346/0001-56,"R$ 92,94",3/10/2026,Aluguel,Emissão apenas nota fiscal,Bruna,NÃO,,LUXUS TELEFONIA LTDA,bruna@luxustelefonia.com.br
3/6/2026,GUINCHO 2001 LTDA,54.276.526/0001-28,"R$ 58,97",3/10/2026,Aluguel,Emissão apenas nota fiscal,Bruna,NÃO,,LUXUS TELEFONIA LTDA,bruna@luxustelefonia.com.br
3/6/2026,G e A DISTRIBUIDORA DE PECAS E ACESSORIOS LTDA - TOGNI,04.470.511/0001-28,"R$ 508,72",3/10/2026,Aluguel,nf e boleto,Bruna,NÃO,,LUXUS TELEFONIA LTDA,bruna@luxustelefonia.com.br
3/6/2026,VIRTUAL SLICE TELECOM LTDA,12.029.589/0001-30,"R$ 1.317,00",3/10/2026,Aluguel,nf e boleto,Bruna,NÃO,,LUXUS TELEFONIA LTDA,bruna@luxustelefonia.com.br
3/6/2026,TK CALCADOS LTDA,54.508.099/0001-66,"R$ 107,94",3/10/2026,Aluguel,Emissão apenas nota fiscal,Bruna,NÃO,,LUXUS TELEFONIA LTDA,bruna@luxustelefonia.com.br
3/6/2026,ASTECA INDUSTRIA E COMERCIO DE JOIAS LTDA,06.202.742/0001-86,"R$ 579,94",3/10/2026,Aluguel,nf e boleto,Bruna,NÃO,,LUXUS TELEFONIA LTDA,bruna@luxustelefonia.com.br
3/6/2026,FPD COMERCIO OTICO LTDA,37.056.522/0001-15,"R$ 49,85",3/10/2026,Aluguel,Emissão apenas nota fiscal,Bruna,NÃO,,LUXUS TELEFONIA LTDA,bruna@luxustelefonia.com.br
3/6/2026,FABI COMERCIO DE COMPENSADOS LTDA,94.506.664/0001-70,"R$ 96,95",3/10/2026,Aluguel,Emissão apenas nota fiscal,Bruna,NÃO,,LUXUS TELEFONIA LTDA,bruna@luxustelefonia.com.br
3/6/2026,CAMARA DE INDUSTRIA COMERCIO SERVICOS E AGROPECUARIA DE SAO MARCOS,90.480.336/0001-91,"R$ 1.474,74",3/20/2026,Aluguel,Emissão apenas nota fiscal,Bruna,NÃO,,CARDOSO E POLI,bruna@luxustelefonia.com.br
3/6/2026,COOPERATIVA TRITICOLA CACAPAVANA LTDA - COTRISUL,87.678.132/0001-55,"R$ 6.430,00",3/20/2026,Aluguel,Emissão apenas nota fiscal,Bruna,NÃO,,CARDOSO E POLI,bruna@luxustelefonia.com.br
3/6/2026,DO VALE COMERCIO DE PNEUMATICOS LTDA,08.713.358/0001-73,"R$ 209,98",3/20/2026,Aluguel,Emissão apenas nota fiscal,Bruna,NÃO,,CARDOSO E POLI,bruna@luxustelefonia.com.br
3/6/2026,GENERAL COAT PINTURA INDUSTRIAL LTDA,09.451.565/0001-60,"R$ 992,46",3/20/2026,Aluguel,Emissão apenas nota fiscal,Bruna,NÃO,,CARDOSO E POLI,bruna@luxustelefonia.com.br
3/6/2026,MULTIRISCO ADMINISTRACAO E CORRETAGEM DE SEGUROS LTDA,92.872.324/0001-38,"R$ 494,91",3/20/2026,Aluguel,Emissão apenas nota fiscal,Bruna,NÃO,,CARDOSO E POLI,bruna@luxustelefonia.com.br
3/6/2026,PAGLIARIN E CIA LTDA,97.168.066/0001-27,"R$ 219,85",3/20/2026,Aluguel,Emissão apenas nota fiscal,Bruna,NÃO,,CARDOSO E POLI,bruna@luxustelefonia.com.br
3/6/2026,SONDA TRANSPORTES SA,88.584.875/0001-29,"R$ 669,55",3/20/2026,Aluguel,Emissão apenas nota fiscal,Bruna,NÃO,,CARDOSO E POLI,bruna@luxustelefonia.com.br
3/6/2026,T F CARLET,30.219.383/0001-54,"R$ 379,95",3/20/2026,Aluguel,Emissão apenas nota fiscal,Bruna,NÃO,,CARDOSO E POLI,bruna@luxustelefonia.com.br
3/6/2026,VITIVINICOLA JOLIMONT LTDA,88.212.881/0001-55,"R$ 689,93",3/20/2026,Aluguel,Emissão apenas nota fiscal,Bruna,NÃO,,CARDOSO E POLI,bruna@luxustelefonia.com.br
3/6/2026,ORDEM DOS ADVOGADOS DO BRASIL SECCAO DO RIO G DO SUL,87.019.584/0012-88,"R$ 29,99",3/20/2026,Aluguel,Emissão apenas nota fiscal,Bruna,NÃO,,CARDOSO E POLI,bruna@luxustelefonia.com.br
3/6/2026,COOPERATIVA DE CREDITO E INVESTIMENTO LIBERDADE - SICREDI LIBERDADE,88.530.142/0001-01,"R$ 389,70",3/20/2026,Aluguel,Emissão apenas nota fiscal,Bruna,NÃO,,CARDOSO E POLI,bruna@luxustelefonia.com.br
3/6/2026,EMERGENCIALL EMERGENCIAS AMBIENTAIS LTDA,05.441.968/0001-77,"R$ 861,55",3/20/2026,Aluguel,Emissão apenas nota fiscal,Bruna,NÃO,,CARDOSO E POLI,bruna@luxustelefonia.com.br
3/6/2026,CASA DO MEL,02.174.156/0001-14,"R$ 44,99",3/20/2026,Aluguel,Emissão apenas nota fiscal,Bruna,NÃO,,CARDOSO E POLI,bruna@luxustelefonia.com.br
3/6/2026,CONEXAO DIRETA SERVICOS DE APOIO ADMINISTRATIVO LTDA,58.485.075/0001-90,"R$ 6.694,92",3/20/2026,Aluguel,BOLETO,Bruna,NÃO,,LUXUS TELEFONIA LTDA,meline@luxustelefonia.com.br
3/6/2026,COOPERATIVA REGIONAL DE ENERGIA TAQUARI JACUI,97.839.922/0001-29,9451.81,3/10/2026,Aluguel,nf e boleto,Bruna,NÃO,,LUXUS TELEFONIA LTDA,bruna@luxustelefonia.com.br
3/6/2026,TRIAUTO PROTECAO VEICULAR,36.552.203/0001-38,798.18,3/10/2026,Aluguel,nf e boleto,Bruna,NÃO,,LUXUS TELEFONIA LTDA,bruna@luxustelefonia.com.br
3/6/2026,TRIAUTO PROTECAO VEICULAR,36.552.203/0001-39,"R$ 85,98",3/20/2026,Aluguel,Emissão apenas nota fiscal,Bruna,NÃO,TIM,LUXUS TELEFONIA LTDA,bruna@luxustelefonia.com.br
3/6/2026,DEMANDER FORCA DE VENDAS LTDA,37.868.347/0001-60,418.89,3/11/2026,Aluguel,nf e boleto,Bruna,NÃO,VIVO,LUXUS TELEFONIA LTDA,bruna@luxustelefonia.com.br
3/6/2026,DEMANDER FORCA DE VENDAS LTDA,37.868.347/0001-60,128.97,3/20/2026,Aluguel,Emissão apenas nota fiscal,Bruna,NÃO,TIM,LUXUS TELEFONIA LTDA,bruna@luxustelefonia.com.br
3/6/2026,CERAMICA BARRINHA LTDA,94.645.140/0001-60,189.96,3/10/2026,Aluguel,Emissão apenas nota fiscal,Bruna,NÃO,,LUXUS TELEFONIA LTDA,bruna@luxustelefonia.com.br
3/6/2026,SUPERMERCADO LUTTERBECK LTDA,92.478.445/0001-08,348.75,3/20/2026,Aluguel,Emissão apenas nf e boleto,Bruna,NÃO,TIM,LUXUS TELEFONIA LTDA,bruna@luxustelefonia.com.br
3/6/2026,INNTEC SERVICOS EM TECNOLOGIA LTDA,18.717.160/0001-11,3483.18,3/10/2026,Aluguel,nf e boleto,Bruna,NÃO,,LUXUS TELEFONIA LTDA,bruna@luxustelefonia.com.br
3/6/2026,BIERDRON CERVEJARIA LTDA,30.582.762/0001-04,"R$ 117,94",3/10/2026,Aluguel,Emissão apenas nota fiscal,Bruna,NÃO,,LUXUS TELEFONIA LTDA,bruna@luxustelefonia.com.br
3/6/2026,ASSOCIACAO LAJEADENSE DOS POLICIAIS RODOV FEDERAIS,01.544.678/0001-06,2277.85,3/10/2026,Aluguel,nf e boleto,Bruna,NÃO,,LUXUS TELEFONIA LTDA,bruna@luxustelefonia.com.br
3/6/2026,DREBES CIA LTDA (VIVO),96.662.168/0001-31,13325.62,4/10/2026,Aluguel,nf e boleto,Bruna,NÃO,,LUXUS TELEFONIA LTDA,bruna@luxustelefonia.com.br
3/6/2026,DREBES CIA LTDA (TIM),96.662.168/0001-31,"R$ 45,99",4/28/2026,Aluguel,Emissão nota e boleto,Bruna,NÃO,TIM,LUXUS TELEFONIA LTDA,bruna@luxustelefonia.com.br
3/6/2026,JBL INSTALACOES ELETRICAS LTDA,58.653.558/0001-56,"R$ 75,94",3/10/2026,Aluguel,Emissão apenas nota fiscal,Bruna,NÃO,,LUXUS TELEFONIA LTDA,bruna@luxustelefonia.com.br
3/6/2026,MAGIC BRANDS INDUSTRIA E COMERCIO DE CONFECCOES LTDA,11.734.998/0001-74,869.79,3/20/2026,Aluguel,nf e boleto,Bruna,NÃO,Vivo,LUXUS TELEFONIA LTDA,bruna@luxustelefonia.com.br
3/6/2026,MAGIC BRANDS INDUSTRIA E COMERCIO DE CONFECCOES LTDA,11.734.998/0001-74,"R$ 34,99",3/20/2026,Aluguel,Emissão apenas nota fiscal,Bruna,NÃO,TIM,LUXUS TELEFONIA LTDA,bruna@luxustelefonia.com.br
3/6/2026,ORDEM DOS ADVOGADOS DO BRASIL SECAO DA BAHIA,14.259.469/0001-54,"R$ 39,99",3/20/2026,Aluguel,Emissão apenas nota fiscal,Bruna,NÃO,VIVO,LUXUS TELEFONIA LTDA,bruna@luxustelefonia.com.br
3/6/2026,ORDEM DOS ADVOGADOS DO BRASIL SECAO DA BAHIA,14.259.469/0001-54,"R$ 39,99",3/20/2026,Aluguel,Emissão apenas nota fiscal,Bruna,NÃO,VIVO,LUXUS TELEFONIA LTDA,bruna@luxustelefonia.com.br
3/6/2026,ORDEM DOS ADVOGADOS DO BRASIL SECAO DA BAHIA,14.259.469/0001-54,"R$ 39,99",3/20/2026,Aluguel,Emissão apenas nota fiscal,Bruna,NÃO,VIVO,LUXUS TELEFONIA LTDA,bruna@luxustelefonia.com.br
3/6/2026,DISMARIA DISTRIBUIDORA SANTA MARIA LTDA,05.985.207/0001-86,"R$ 300,00",3/20/2026,movel/assessoria,emissão nota e boleto,Jenifer,NÃO,,LUXUS TELEFONIA LTDA,bruna@luxustelefonia.com.br
3/6/2026,COOP. ECONOMIA E CRÉDITO MÚTUO DOS EMPREGADOS DO BANRISUL - BANRICOOP,92.935.741/0001-82,"R$ 3.767,59",3/20/2026,movel/assessoria,emissão nota e boleto,Jenifer,NÃO,,LUXUS TELEFONIA LTDA,bruna@luxustelefonia.com.br
3/6/2026,ASSOCIAÇÃO DOS POLICIAIS RODOVIÁRIOS FEDERAIS DE SANTA MARIA - APRF/SM,94.446.887/0001-90,"R$ 224,00",3/20/2026,movel/assessoria,emissão nota e boleto,Jenifer,NÃO,,LUXUS TELEFONIA LTDA,bruna@luxustelefonia.com.br
3/6/2026,SINDILOJAS - SINDICATO DO COMERCIO VAREJISTA DE CAXIAS DO SUL,88.662.770/0001-40,"R$ 279,00",3/20/2026,movel/assessoria,emissão nota e boleto,Jenifer,NÃO,,LUXUS TELEFONIA LTDA,bruna@luxustelefonia.com.br
3/6/2026,ASSOCIAÇÃO DOS TRABALHADORES NA AGRICULTURA FAMILIAR DA ENCOSTA SUPERIOR DO NORDESTE-CRESOL,15.039.387/0001-67,"R$ 1.430,39",3/20/2026,movel/assessoria,emissão nota e boleto,Jenifer,NÃO,,LUXUS TELEFONIA LTDA,bruna@luxustelefonia.com.br
3/6/2026,COOPERATIVA AGRÍCOLA MISTA IBIRAIARAS LTDA - COOPIBI,91.061.036/0001-30,"R$ 789,28",3/20/2026,movel/assessoria,emissão nota e boleto,Jenifer,NÃO,,LUXUS TELEFONIA LTDA,bruna@luxustelefonia.com.br
3/6/2026,F POZOBON SISTEMAS DE HIGIENE E LIMPEZA - EIRELI,07.119.129/0001-62,"R$ 504,26",3/20/2026,movel/assessoria,emissão nota e boleto,Jenifer,NÃO,,LUXUS TELEFONIA LTDA,bruna@luxustelefonia.com.br
3/6/2026,HOSPITAL DE CARIDADE DE SANTIAGO,96.136.643/0001-36,"R$ 332,57",3/20/2026,movel/assessoria,emissão nota e boleto,Jenifer,NÃO,,LUXUS TELEFONIA LTDA,bruna@luxustelefonia.com.br
3/6/2026,JOSE ERY CAMARGO - ADVOGADOS ASSOCIADOS,04.469.994/0001-40,"R$ 187,03",3/20/2026,gerenciamento,emissão nota e boleto,Jenifer,NÃO,,LUXUS TELEFONIA LTDA,bruna@luxustelefonia.com.br
3/6/2026,METALTECSS REVESTIMENTO DE METAIS LTDA,00.925.102/0001-18,"R$ 250,00",3/20/2026,movel/assessoria,emissão nota e boleto,Jenifer,NÃO,,LUXUS TELEFONIA LTDA,bruna@luxustelefonia.com.br
3/6/2026,PRATICOS DA BARRA DO RIO GRANDE LTDA,02.390.883/0001-19,"R$ 274,25",3/20/2026,movel/assessoria,emissão nota e boleto,Jenifer,NÃO,DANFOM,LUXUS TELEFONIA LTDA,bruna@luxustelefonia.com.br
3/6/2026,ROSINEI VEDOY DA SILVA,10.855.207/0001-00,"R$ 4.000,00",3/20/2026,movel/assessoria,emissão nota e boleto,Jenifer,NÃO,,LUXUS TELEFONIA LTDA,bruna@luxustelefonia.com.br
3/6/2026,"SICREDI PAMPA GAUCHO - COOPERATIVA DE CREDITO, POUPANCA E INVESTIMENTO ESSENCIA RS/ES SICREDI ESSENCIA",87.733.077/0001-59,"R$ 1.690,59",3/20/2026,movel/assessoria,emissão nota e boleto,Jenifer,NÃO,,LUXUS TELEFONIA LTDA,bruna@luxustelefonia.com.br
3/6/2026,SINDICATO DOS TRABALHADORES RURAIS DE COLINAS,02.180.326/0001-73,"R$ 606,00",3/20/2026,movel/assessoria,emissão nota e boleto,Jenifer,NÃO,,LUXUS TELEFONIA LTDA,bruna@luxustelefonia.com.br
3/6/2026,VIACAO OURO E PRATA SA,92.954.106/0001-42,"R$ 397,31",3/20/2026,movel/assessoria,emissão nota e boleto,Jenifer,NÃO,,LUXUS TELEFONIA LTDA,bruna@luxustelefonia.com.br
3/6/2026,AFBNDES,33.984.550/0001-41,"R$ 9.770,53",3/17/2026,movel/assessoria,emissão nota e boleto,Jenifer,NÃO,,LUXUS TELEFONIA LTDA,bruna@luxustelefonia.com.br
3/9/2026,CONEXAO DIRETA SERVICOS DE APOIO ADMINISTRATIVO LTDA,58.485.075/0001-90,"R$ 6.694,92",3/20/2026,Aluguel,Arrumar boleto e fazer NF,Meline,NÃO,,LUXUS TELEFONIA LTDA,bruna@luxustelefonia.com.br
3/10/2026,ORDEM DOS ADVOGADOS DO BRASIL SECAO DA BAHIA,14.259.469/0001-54,"R$ 286,72",3/23/2026,FIXO,"Apenas boleto, iremos usar a NF de janeiro",Lisete,não,,LUXUS TELEFONIA LTDA,bruna@luxustelefonia.com.br
3/10/2026,AFBNDES,33.984.550/0001-41,"R$ 9.169,63",3/26/2026,movel/assessoria,alteração de vencimento,Jenifer,Não,,LUXUS TELEFONIA LTDA,bruna@luxustelefonia.com.br
3/10/2026,RDP ENERGIA - REJAILE,00.209.895/0001-79,"R$ 350,00",3/20/2026,movel/assessoria,emissão nota e boleto,Jenifer,NÃO,,LUXUS TELEFONIA LTDA,bruna@luxustelefonia.com.br
3/10/2026,GRUPO K1 S.A.,00.912.882/0001-61,"R$ 396,00",3/20/2026,movel/assessoria,emissão nota e boleto,Jenifer,NÃO,,LUXUS TELEFONIA LTDA,bruna@luxustelefonia.com.br
3/10/2026,SINDICATO DOS TRABALHADORES AGRICULTORES FAMILIARES DE FARROUPILHA - SINTRAFAR,89.849.608/0001-07,"R$ 270,04",3/20/2026,movel/assessoria,emissão nota e boleto,Jenifer,NÃO,,LUXUS TELEFONIA LTDA,bruna@luxustelefonia.com.br
3/6/2026,ORDEM DOS ADVOGADOS DO BRASIL SECCAO DO RIO G DO SUL,87.019.584/0012-88,"R$ 29,99",3/10/2026,Aluguel,Emissão apenas nota fiscal,Bruna,NÃO,Vivo,LUXUS TELEFONIA LTDA,bruna@luxustelefonia.com.br
3/11/2026,JOSE ERY CAMARGO - ADVOGADOS ASSOCIADOS,04.469.994/0001-40,"R$ 234,69",3/23/2026,FIXO,emissão nota e boleto,Lisete,NÃO,,,lisete@luxustelefonia.com.br
3/11/2026,OITO DISTRIBUIDORA DE TITULOS E ADMINISTRACAO LTDA,10.974.999/0001-23,"R$ 1.034,36",3/23/2026,FIXO,emissão nota e boleto,Lisete,NÃO,,,lisete@luxustelefonia.com.br
3/11/2026,EXECUTIVA COM DE MAQ E EQUIPAMENTOS PARA ESCRITORIO LTDA,14.729.826/0001-09,"R$ 75,89",3/23/2026,FIXO,emissão nota e boleto,Lisete,NÃO,,,lisete@luxustefonia.com.br
3/11/2026,"COOPERATIVA DE CREDITO, POUPANCA E INVESTIMENTO ESSENCIA RS/ES - SICREDI ESSENCIA",87.733.077/0001-59,"R$ 220,00",3/23/2026,FIXO,emissão nota e boleto,Lisete,não,,,lisete@luxustelefonia.com.br
3/11/2026,ASSOCIACAO DOS TRANSPORTADORES URBANOS DE PASSAGEIROS DE SANTA MARIA - ATU,02.191.788/0001-96,"R$ 350,00",3/23/2026,FIXO,emissão nota e boleto,Lisete,não,,,lisete@luxustelefonia.com.br
3/11/2026,PORTO ALEGRE COUNTRY CLUB,92.850.577/0001-00,"R$ 51,81",3/20/2026,FIXO,emissão nota e boleto,LISETE,NÃO,,,lisete@luxustelefonia.com.br
3/11/2026,IRMAOS CIOCCARI E CIA LTDA,87.675.831/0001-41,"R$ 220,00",3/23/2026,FIXO,emissão nota e boleto,LISETE,não,,,lisete@luxustelefonia.com.br
3/11/2026,GENERAL COAT PINTURA INDUSTRIAL LTDA,09.451.565/0001-60,"R$ 200,00",3/23/2026,FIXO,emissão nota e boleto,LISETE,não,,,lisete@luxustelefonia.com.br
3/11/2026,SINDICATO INTERMUNICIPAL DAS INDUSTRIAS MADEIREIRAS - SINDIMADEIRA - RS,87.815.437/0001-61,"R$ 475,76",3/23/2026,FIXO,emissão nota e boleto,LISETE,NÃO,,,lisete@luxustelefonia.com.br
3/11/2026,AGROPECUARIA TRIUNFO LTDA,05.949.166/0001-72,"R$ 102,39",3/23/2026,FIXO,emissão nota e boleto,LISETE,não,,,lisete@luxustelefonia.com.br
3/11/2026,COOPERATIVA AGRICOLA MISTA NOVA PALMA LTDA,91.022.632/0001-01,"R$ 2.000,00",4/6/2026,movel/assessoria,boleto e nf,francine,nao,,,suporte2@luxustelefonia.com.br
3/11/2026,TABACUM INTERAMERICAN COMERCIO E EXPORTACAO DE FUMOS LTDA,05.648.120/0003-85,"R$ 200,00",4/8/2026,movel/assessoria,boleto e nf,francine,nao,,,suporte2@luxustelefonia.com.br
3/11/2026,MADEIREIRA HAAS LTDA,98.597.917/0001-10,"R$ 534,80",3/26/2026,movel/assessoria,boleto e nf,francine,não,,,suporte2@luxustelefonia.com.br
3/11/2026,ASSOCIAÇÃO DOS SERVIDORES MUNICIPAIS DE VENÂNCIO AIRES,94.236.510/0001-06,"R$ 10.998,99",3/30/2026,movel/assessoria,boleto e nf,francine,não,,,suporte2@luxustelefonia.com.br
3/11/2026,GLORY,10.204.892/0001-04,"R$ 199,10",3/25/2026,movel/assessoria,boleto e nf,francine,nao,,,suporte2@luxustelefonia.com.br
3/11/2026,SINDICATO DOS FUNCIONÁRIOS MUNICIPAIS DE SOBRADINHO,92.000.918/0001-59,"R$ 862,10",3/25/2026,movel/assessoria,boleto e nf,francine,nao,,,suporte2@luxustelefonia.com.br
3/11/2026,ASSOCIAÇÃO DOS GERENTES DO BANCO DO BRASIL AGEBB,56.270.895/0001-39,"R$ 779,15",3/25/2026,movel/assessoria,boleto e nf,francine,nao,,,suporte2@luxustelefonia.com.br
3/11/2026,DSV,,"R$ 2.621,85",3/26/2026,movel/assessoria,boleto e nf,francine,nao,,,suporte2@luxustelefonia.com.br
3/11/2026,EUGÊNIO FRIEDRICH-ME,89.690.556/0001-60,"R$ 1.691,50",3/30/2026,movel/assessoria,boleto e nf,francine,nao,,,suporte2@luxustelefonia.com.br
3/11/2026,AUTOMATECH SISTEMAS DE AUTOMAÇÃO LTDA,03.385.913/0001-61,"R$ 375,85",3/26/2026,movel/assessoria,boleto e nf,francine,nao,,,suporte2@luxustelefonia.com.br
3/11/2026,REDOL ALIMENTOS LTDA,01.453.168/0001-15,"R$ 404,60",3/26/2026,movel/assessoria,boleto e nf,francine,nao,,,suporte2@luxustelefonia.com.br
3/11/2026,ASSOCIAÇÃO DOS FUNC. E PROFESSORES DA URI SANTIAGO,05.349.716/0001-12,"R$ 696,90",3/26/2026,movel/assessoria,boleto e nf,francine,nao,,,suporte2@luxustelefonia.com.br
3/11/2026,SIMA- SINDICATO DOS MUNICIPÁRIOS DE AMARAL FERRADOR,13.263.847/0001-00,"R$ 677,10",3/27/2026,movel/assessoria,boleto e nf,francine,nao,,,suporte2@luxustelefonia.com.br
3/11/2026,COMEXPORT COMPANHIA DE COMERCIO DE COMÉRCIO EXTERIOR,43.633.296/0001-90,"R$ 720,95",3/27/2026,movel/assessoria,boleto e nf,francine,nao,,,suporte2@luxustelefonia.com.br
3/11/2026,TRANSPORTADORA AUGUSTA SP LTDA,94.193.257/0012-03,"R$ 322,80",3/25/2026,movel/assessoria,boleto e nf,francine,nao,,,suporte2@luxustelefonia.com.br
3/14/2026,AJURIS- ASSOCIAÇÃO DOS JUIZES DO RIO GRANDE DO SUL,92.965.748/0001-47,"R$ 8.500,00",3/26/2026,movel/assessoria,emissão nota e boleto,Jenifer,NÃO,,,jenifer@luxustelefonia.com.br
3/14/2026,COOP DESENV E DIFUSãO TECNOLOGIA AGRICOLA CRUZ ALTA LTDA - COOPERTEC,03.840.349/0001-20,"R$ 1.723,27",3/26/2026,movel/assessoria,emissão nota e boleto,Jenifer,NÃO,,,jenifer@luxustelefonia.com.br
3/14/2026,MAQUINAS AGRÍCOLAS CARPENEDO LTDA,95.814.927/0001-71,"R$ 160,00",3/26/2026,movel/assessoria,emissão nota e boleto,Jenifer,NÃO,,,jenifer@luxustelefonia.com.br
3/14/2026,SIND TRAB IND PUR DIST AGUA SERV ESG DO ESTADO DO RS - SINDIAGUA,90.003.310/0001-52,"R$ 220,00",3/26/2026,movel/assessoria,emissão nota e boleto,Jenifer,NÃO,,,jenifer@luxustelefonia.com.br
3/14/2026,SINDICATO RURAL DE IBIRUBA,93.541.480/0001-89,"R$ 847,45",3/26/2026,movel/assessoria,emissão nota e boleto,Jenifer,NÃO,,,jenifer@luxustelefonia.com.br
3/14/2026,AFBNDES,33.984.550/0001-41,"R$ 4.725,00",3/26/2026,movel/assessoria,emissão nota e boleto,Jenifer,NÃO,,,jenifer@luxustelefonia.com.br
3/14/2026,AUGUSTIN,91.495.457/0001-70,"R$ 150,00",3/26/2026,movel/assessoria,emissão nota e boleto,Jenifer,NÃO,,,jenifer@luxustelefonia.com.br
3/14/2026,UNIMED PATOS DE MINAS,38.499.547/0001-56,"R$ 500,00",3/30/2026,movel/assessoria,emissão nota e boleto,Jenifer,NÃO,,,jenifer@luxustelefonia.com.br
3/17/2026,MAGIC BRANDS INDUSTRIA E COMERCIO DE CONFECCOES LTDA,11.734.998/0001-74,869.79,3/20/2026,Aluguel,Ajustar para cnpj cardoso,bruna,não,,CARDOSO,Bruna@luxustelefonia.com.br
3/17/2026,GF PNEUS COMERCIAL E DISTRIBUIDORA LTDA (FILIAL),93.894.954/0005-08,"R$ 1.157,37",3/30/2026,movel/assessoria,emissão nota e boleto,Jenifer,NÃO,,,jenifer@luxustelefonia.com.br
3/17/2026,SIEMENS INDUSTRY SOFTWARE LTDA.,02.283.647/0001-01,"R$ 572,70",6/25/2026,movel/assessoria,emissão apenas da nota fiscal,Jenifer,NÃO,informar na nota o número do pedido de compras 4500482961,,jenifer@luxustelefonia.com.br
3/17/2026,SINDICATO SERV MUNIC SÃO MARCOS,07.362.420/0001-67,"R$ 1.208,65",4/10/2026,movel/assessoria,emissão nota e boleto,Jenifer,NÃO,,,jenifer@luxustelefonia.com.br
3/17/2026,ASSOCIACAO DOS SERVIDORES DO BANCO CENTRAL - ASBAC PORTO ALEGRE,02.492.319/0001-07,"R$ 2.092,40",4/8/2026,movel/assessoria,emissão nota e boleto,Jenifer,NÃO,,,jenifer@luxustelefonia.com.br
3/17/2026,GF PNEUS COMERCIAL E DISTRIBUIDORA LTDA,93.894.954/0003-38,"R$ 48,52",3/27/2026,movel/assessoria,emissão nota e boleto,Jenifer,NÃO,,,jenifer@luxustelefonia.com.br
3/17/2026,LUNDBECK BRASIL LTDA,04.522.600/0001-70,"R$ 504,00",4/16/2026,movel/assessoria,emissão nota e boleto,Jenifer,NÃO,,,jenifer@luxustelefonia.com.br
3/17/2026,HIPRA,92.662.501/0001-51,"R$ 417,96",3/27/2026,movel/assessoria,emissão nota e boleto,Jenifer,NÃO,,,jenifer@luxustelefonia.com.br
3/18/2026,UNIMED ARARUAMA COOPERATIVA DE TRABALHO MEDICO,00.111.826/0001-28,"R$ 18.928,96",3/27/2026,Aluguel,emissão nota e boleto,Bruna,Não,,,Bruna@luxustelefonia.com.br
18/03/20260,UNIMED PATOS DE MINAS,38.499.547/0001-56,"R$ 629,87",3/20/2026,Aluguel,Apenas nf e boleto,Bruna,Não,Nf refente a dez até março,Telefonia,Bruna@luxustelefonia.com.br
3/19/2026,SANTA CASA DE MISERICóRDIA DA BAHIA,15.153.745/0001-68,"R$ 683,80",4/6/2026,movel/assessoria,emissão nota e boleto,Jenifer,NÃO,,,jenifer@luxustelefonia.com.br
3/20/2026,G & A DISTRIBUIDORA DE PECAS E ACESSORIOS LTDA - TOGNI,04.470.511/0001-28,"R$ 115,42",3/30/2026,FIXO,emissão nota e boleto,Lisete,não,,,lisete@luxustelefonia.com.br
3/22/2026,ALIBEM ALIMENTOS S.A.,03.941.052/0001-50,"R$ 1.412,94",4/10/2026,movel/assessoria,emissão nota e boleto,Jenifer,NÃO,,,jenifer@luxustelefonia.com.br
3/25/2026,SINDICATO DOS PROFESSORES MUNICIPAIS LEOPOLDENSES - CEPROLv,92.932.763/0001-99,"R$ 27.550,49",4/10/2026,Aluguel,nf e boleto,Bruna,Não,,Telefonia,Bruna@luxustelefonia.com.br
3/27/2026,ALIBEM ALIMENTOS S.A.,03.941.052/0001-50,"R$ 1.326,05",4/10/2026,movel/assessoria,cancelamento NF e boleto,Jenifer,NÃO,NF 182,,jenifer@luxustelefonia.com.br
,,,,,,,,,,,
4/7/2026,E2R REPRESENTACOES COMERCIAIS LTDA,10.451.213/0001-93,"R$ 385,55",4/10/2026,Aluguel,Emissão apenas nota fiscal,Bruna,NÃO,,LUXUS TELEFONIA LTDA,bruna@luxustelefonia.com.br
4/7/2026,CASA DAS FECHADURAS ADROFECHA LTDA,92.613.413/0001-60,"R$ 754,48",4/10/2026,Aluguel,Emissão apenas nota fiscal,Bruna,NÃO,,LUXUS TELEFONIA LTDA,bruna@luxustelefonia.com.br
4/7/2026,CORREA ZAMPIERI ENGENHARIA LTDA,00.999.960/0001-07,"R$ 1.155,58",4/10/2026,Aluguel,Emissão apenas nota fiscal,Bruna,NÃO,,LUXUS TELEFONIA LTDA,bruna@luxustelefonia.com.br
4/7/2026,CONSTRUSUL - INDUSTRIA E COMERCIO DE MATERIAIS DE CONSTRUCAO E SERVICOS DE CONCRETAGEM LTDA,07.483.896/0001-56,"R$ 457,79",4/10/2026,Aluguel,Emissão apenas nota fiscal,Bruna,NÃO,,LUXUS TELEFONIA LTDA,bruna@luxustelefonia.com.br
4/7/2026,DEMARCHI DEMARCHI LTDA,93.052.223/0001-83,"R$ 61,32",4/10/2026,Aluguel,Emissão apenas nota fiscal,Bruna,NÃO,,LUXUS TELEFONIA LTDA,bruna@luxustelefonia.com.br
4/7/2026,POLIDADOS INFORMATICA LTDA,04.782.491/0001-20,"R$ 488,53",4/10/2026,Aluguel,Emissão apenas nota fiscal,Bruna,NÃO,,LUXUS TELEFONIA LTDA,bruna@luxustelefonia.com.br
4/7/2026,OIW INDUSTRIA ELETRONICA SA,07.212.549/0001-99,"R$ 72,54",4/10/2026,Aluguel,Emissão apenas nota fiscal,Bruna,NÃO,,LUXUS TELEFONIA LTDA,bruna@luxustelefonia.com.br
4/7/2026,MARCHER BRASIL AGROINDUSTRIAL SA,06.221.454/0001-79,"R$ 2.360,10",4/10/2026,Aluguel,Emissão apenas nota fiscal,Bruna,NÃO,,LUXUS TELEFONIA LTDA,bruna@luxustelefonia.com.br
4/7/2026,ESTANCIA DA FIGUEIRA COMERCIO DE HORTIFRUTIGRANJEIROS LTDA,08.492.170/0001-42,"R$ 895,65",4/10/2026,Aluguel,Emissão apenas nota fiscal,Bruna,NÃO,,LUXUS TELEFONIA LTDA,bruna@luxustelefonia.com.br
4/7/2026,FABIANO CORBELLINI E CIA LTDA,02.119.759/0001-13,"R$ 483,99",4/10/2026,Aluguel,Emissão apenas nota fiscal,Bruna,NÃO,,LUXUS TELEFONIA LTDA,bruna@luxustelefonia.com.br
4/7/2026,FREE TINTAS LTDA,05.577.086/0001-33,"R$ 4.024,61",4/10/2026,Aluguel,Emissão apenas nota fiscal,Bruna,NÃO,,LUXUS TELEFONIA LTDA,bruna@luxustelefonia.com.br
4/7/2026,JETSUL-COMERCIO E EQUIPAMENTOS DE INF. LTDA,00.849.925/0001-01,"R$ 407,70",4/10/2026,Aluguel,Emissão apenas nota fiscal,Bruna,NÃO,,LUXUS TELEFONIA LTDA,bruna@luxustelefonia.com.br
4/7/2026,JORNAL A HORA LTDA,04.280.850/0001-41,"R$ 158,39",4/10/2026,Aluguel,Emissão apenas nota fiscal,Bruna,NÃO,,LUXUS TELEFONIA LTDA,bruna@luxustelefonia.com.br
4/7/2026,LEDUR IMPORTACAO E EXPORTACAO DE PEDRAS PRECIOSAS E SEMI PRECIOSAS LTDA,06.934.436/0001-34,"R$ 604,95",4/10/2026,Aluguel,Emissão apenas nota fiscal,Bruna,NÃO,,LUXUS TELEFONIA LTDA,bruna@luxustelefonia.com.br
4/7/2026,SIND.EMPREGADOS EM ESTAB.DE SERVICOS DE SAUDE DE LAJEADO E VALE DO TAQUARI,92.892.538/0001-76,"R$ 373,22",4/10/2026,Aluguel,Emissão apenas nota fiscal,Bruna,NÃO,,LUXUS TELEFONIA LTDA,bruna@luxustelefonia.com.br
4/7/2026,ASSOCIACAO DE CRIADORES DE SUINOS DO RIO GRANDE DO SUL,87.245.163/0001-12,"R$ 1.165,40",4/10/2026,Aluguel,Emissão apenas nota fiscal,Bruna,NÃO,,LUXUS TELEFONIA LTDA,bruna@luxustelefonia.com.br
4/7/2026,WINGS CONSULTORIA E REPRESENTACOES LTDA,36.736.488/0001-67,"R$ 174,96",4/10/2026,Aluguel,Emissão apenas nota fiscal,Bruna,NÃO,,LUXUS TELEFONIA LTDA,bruna@luxustelefonia.com.br
4/7/2026,IMOBILIARIA REI DO IMOVEL LTDA,11.806.302/0001-78,"R$ 827,64",4/10/2026,Aluguel,Emissão apenas nota fiscal,Bruna,NÃO,,LUXUS TELEFONIA LTDA,bruna@luxustelefonia.com.br
4/7/2026,MARIA EDUARDA CORTEZ DESIGN DE INTERIORES LTDA,46.609.234/0001-31,"R$ 135,68",4/10/2026,Aluguel,Emissão apenas nota fiscal,Bruna,NÃO,,LUXUS TELEFONIA LTDA,bruna@luxustelefonia.com.br
4/7/2026,Blaster Detonacoes LTDA,13.962.167/0001-85,"R$ 226,91",4/10/2026,Aluguel,Emissão apenas nota fiscal,Bruna,NÃO,,LUXUS TELEFONIA LTDA,bruna@luxustelefonia.com.br
4/7/2026,REFRICOMP - INDUSTRIA DE COMPONENTES PARA REFRIGERACAO LTDA,07.417.647/0001-62,"R$ 3.407,21",4/10/2026,Aluguel,Emissão apenas nota fiscal,Bruna,NÃO,,LUXUS TELEFONIA LTDA,bruna@luxustelefonia.com.br
4/7/2026,GAS ZIMMER DISTRIBUIDORA DOS VALES LTDA,39.831.325/0001-51,"R$ 341,76",4/10/2026,Aluguel,Emissão apenas nota fiscal,Bruna,NÃO,,LUXUS TELEFONIA LTDA,bruna@luxustelefonia.com.br
4/7/2026,ENOVA INDUSTRIA DE CALCADOS LTDA,32.013.159/0001-37,"R$ 558,58",4/10/2026,Aluguel,Emissão apenas nota fiscal,Bruna,NÃO,,LUXUS TELEFONIA LTDA,bruna@luxustelefonia.com.br
4/7/2026,MARTINA INDUSTRIA DE CALCADOS LTDA,35.957.750/0001-30,"R$ 247,37",4/10/2026,Aluguel,Emissão apenas nota fiscal,Bruna,NÃO,,LUXUS TELEFONIA LTDA,bruna@luxustelefonia.com.br
4/7/2026,CMAK AGROINDUSTRIA E COMERCIO DE MAQUINAS E EQUIPAMENTOS LTDA,22.779.620/0001-03,"R$ 1.239,69",4/10/2026,Aluguel,Emissão apenas nota fiscal,Bruna,NÃO,,LUXUS TELEFONIA LTDA,bruna@luxustelefonia.com.br
4/7/2026,GRAFICA LAJEADENSE LTDA,88.057.187/0001-00,"R$ 407,70",4/10/2026,Aluguel,Emissão apenas nota fiscal,Bruna,NÃO,,LUXUS TELEFONIA LTDA,bruna@luxustelefonia.com.br
4/7/2026,IRMAOS CIOCCARI E CIA LTDA,87.675.831/0001-41,"R$ 3.329,24",4/10/2026,Aluguel,Emissão apenas nota fiscal,Bruna,NÃO,,LUXUS TELEFONIA LTDA,bruna@luxustelefonia.com.br
4/7/2026,TRANSPORTADORA SANTA CRUZ BRUNETTO LTDA,42.450.799/0001-68,"R$ 161,91",4/10/2026,Aluguel,Emissão apenas nota fiscal,Bruna,NÃO,,LUXUS TELEFONIA LTDA,bruna@luxustelefonia.com.br
4/7/2026,AG COMERCIO DE PNEUS LTDA,24.061.393/0001-01,"R$ 363,82",4/10/2026,Aluguel,Emissão apenas nota fiscal,Bruna,NÃO,,LUXUS TELEFONIA LTDA,bruna@luxustelefonia.com.br
4/7/2026,JORNAL NOSSA GENTE VALE DO TAQUARI,01.236.346/0001-56,"R$ 92,94",4/10/2026,Aluguel,Emissão apenas nota fiscal,Bruna,NÃO,,LUXUS TELEFONIA LTDA,bruna@luxustelefonia.com.br
4/7/2026,GUINCHO 2001 LTDA,54.276.526/0001-28,"R$ 58,97",4/10/2026,Aluguel,Emissão apenas nota fiscal,Bruna,NÃO,,LUXUS TELEFONIA LTDA,bruna@luxustelefonia.com.br
4/7/2026,G e A DISTRIBUIDORA DE PECAS E ACESSORIOS LTDA - TOGNI,04.470.511/0001-28,"R$ 508,72",4/10/2026,Aluguel,Emissão apenas nota fiscal,Bruna,NÃO,,LUXUS TELEFONIA LTDA,bruna@luxustelefonia.com.br
4/7/2026,VIRTUAL SLICE TELECOM LTDA,12.029.589/0001-30,"R$ 1.317,00",4/10/2026,Aluguel,Emissão apenas nota fiscal,Bruna,NÃO,,LUXUS TELEFONIA LTDA,bruna@luxustelefonia.com.br
4/7/2026,TK CALCADOS LTDA,54.508.099/0001-66,"R$ 107,94",4/10/2026,Aluguel,Emissão apenas nota fiscal,Bruna,NÃO,,LUXUS TELEFONIA LTDA,bruna@luxustelefonia.com.br
4/7/2026,ASTECA INDUSTRIA E COMERCIO DE JOIAS LTDA,06.202.742/0001-86,"R$ 579,94",4/10/2026,Aluguel,Emissão apenas nota fiscal,Bruna,NÃO,,LUXUS TELEFONIA LTDA,bruna@luxustelefonia.com.br
4/7/2026,FPD COMERCIO OTICO LTDA,37.056.522/0001-15,"R$ 49,85",4/10/2026,Aluguel,Emissão apenas nota fiscal,Bruna,NÃO,,LUXUS TELEFONIA LTDA,bruna@luxustelefonia.com.br
4/7/2026,FABI COMERCIO DE COMPENSADOS LTDA,94.506.664/0001-70,"R$ 96,95",4/10/2026,Aluguel,Emissão apenas nota fiscal,Bruna,NÃO,,LUXUS TELEFONIA LTDA,bruna@luxustelefonia.com.br
4/7/2026,CAMARA DE INDUSTRIA COMERCIO SERVICOS E AGROPECUARIA DE SAO MARCOS,90.480.336/0001-91,"R$ 1.477,70",4/20/2026,Aluguel,Emissão apenas nota fiscal,Bruna,NÃO,,CARDOSO E POLI,bruna@luxustelefonia.com.br
4/7/2026,COOPERATIVA TRITICOLA CACAPAVANA LTDA - COTRISUL,87.678.132/0001-55,"R$ 6.429,91",4/20/2026,Aluguel,Emissão apenas nota fiscal,Bruna,NÃO,,CARDOSO E POLI,bruna@luxustelefonia.com.br
4/7/2026,DO VALE COMERCIO DE PNEUMATICOS LTDA,08.713.358/0001-73,"R$ 209,98",4/20/2026,Aluguel,Emissão apenas nota fiscal,Bruna,NÃO,,CARDOSO E POLI,bruna@luxustelefonia.com.br
4/7/2026,GENERAL COAT PINTURA INDUSTRIAL LTDA,09.451.565/0001-60,"R$ 992,46",4/20/2026,Aluguel,Emissão apenas nota fiscal,Bruna,NÃO,,CARDOSO E POLI,bruna@luxustelefonia.com.br
4/7/2026,MULTIRISCO ADMINISTRACAO E CORRETAGEM DE SEGUROS LTDA,92.872.324/0001-38,"R$ 494,91",4/20/2026,Aluguel,Emissão apenas nota fiscal,Bruna,NÃO,,CARDOSO E POLI,bruna@luxustelefonia.com.br
4/7/2026,PAGLIARIN E CIA LTDA,97.168.066/0001-27,"R$ 219,85",4/20/2026,Aluguel,Emissão apenas nota fiscal,Bruna,NÃO,,CARDOSO E POLI,bruna@luxustelefonia.com.br
4/7/2026,SONDA TRANSPORTES SA,88.584.875/0001-29,"R$ 669,55",4/20/2026,Aluguel,Emissão apenas nota fiscal,Bruna,NÃO,,CARDOSO E POLI,bruna@luxustelefonia.com.br
4/7/2026,T F CARLET,30.219.383/0001-54,"R$ 379,95",4/20/2026,Aluguel,Emissão apenas nota fiscal,Bruna,NÃO,,CARDOSO E POLI,bruna@luxustelefonia.com.br
4/7/2026,VITIVINICOLA JOLIMONT LTDA,88.212.881/0001-55,"R$ 689,93",4/20/2026,Aluguel,Emissão apenas nota fiscal,Bruna,NÃO,,CARDOSO E POLI,bruna@luxustelefonia.com.br
4/7/2026,ORDEM DOS ADVOGADOS DO BRASIL SECCAO DO RIO G DO SUL,87.019.584/0012-88,"R$ 29,99",4/20/2026,Aluguel,Emissão apenas nota fiscal,Bruna,NÃO,,CARDOSO E POLI,bruna@luxustelefonia.com.br
4/7/2026,COOPERATIVA DE CREDITO E INVESTIMENTO LIBERDADE - SICREDI LIBERDADE,88.530.142/0001-01,"R$ 389,70",4/20/2026,Aluguel,Emissão apenas nota fiscal,Bruna,NÃO,,CARDOSO E POLI,bruna@luxustelefonia.com.br
4/7/2026,EMERGENCIALL EMERGENCIAS AMBIENTAIS LTDA,05.441.968/0001-77,"R$ 861,55",4/20/2026,Aluguel,Emissão apenas nota fiscal,Bruna,NÃO,,CARDOSO E POLI,bruna@luxustelefonia.com.br
4/7/2026,CASA DO MEL,02.174.156/0001-14,"R$ 44,99",4/20/2026,Aluguel,Emissão apenas nota fiscal,Bruna,NÃO,,CARDOSO E POLI,bruna@luxustelefonia.com.br
4/7/2026,CONEXAO DIRETA SERVICOS DE APOIO ADMINISTRATIVO LTDA,58.485.075/0001-90,,4/20/2026,Aluguel,BOLETO E NOTA,Bruna,NÃO,,LUXUS TELEFONIA LTDA,meline@luxustelefonia.com.br
4/7/2026,COOPERATIVA REGIONAL DE ENERGIA TAQUARI JACUI,97.839.922/0001-29,,4/10/2026,Aluguel,Emissão apenas nota fiscal,Bruna,NÃO,,LUXUS TELEFONIA LTDA,bruna@luxustelefonia.com.br
4/7/2026,TRIAUTO PROTECAO VEICULAR,36.552.203/0001-38,,4/10/2026,Aluguel,Emissão apenas nota fiscal,Bruna,NÃO,,LUXUS TELEFONIA LTDA,bruna@luxustelefonia.com.br
4/7/2026,TRIAUTO PROTECAO VEICULAR,36.552.203/0001-39,,4/20/2026,Aluguel,Emissão apenas nota fiscal,Bruna,NÃO,TIM,LUXUS TELEFONIA LTDA,bruna@luxustelefonia.com.br
4/7/2026,DEMANDER FORCA DE VENDAS LTDA,37.868.347/0001-60,,4/11/2026,Aluguel,Emissão apenas nota fiscal,Bruna,NÃO,VIVO,LUXUS TELEFONIA LTDA,bruna@luxustelefonia.com.br
4/7/2026,DEMANDER FORCA DE VENDAS LTDA,37.868.347/0001-60,,4/11/2026,Aluguel,Emissão apenas nota fiscal,Bruna,NÃO,CLARO,LUXUS TELEFONIA LTDA,bruna@luxustelefonia.com.br
4/7/2026,DEMANDER FORCA DE VENDAS LTDA,37.868.347/0001-60,,4/20/2026,Aluguel,Emissão apenas nota fiscal,Bruna,NÃO,TIM,LUXUS TELEFONIA LTDA,bruna@luxustelefonia.com.br
4/7/2026,CERAMICA BARRINHA LTDA,94.645.140/0001-60,,4/10/2026,Aluguel,Emissão apenas nota fiscal,Bruna,NÃO,,LUXUS TELEFONIA LTDA,bruna@luxustelefonia.com.br
4/7/2026,SUPERMERCADO LUTTERBECK LTDA,92.478.445/0001-08,,4/20/2026,Aluguel,Emissão apenas nota fiscal,Bruna,NÃO,TIM,LUXUS TELEFONIA LTDA,bruna@luxustelefonia.com.br
4/7/2026,INNTEC SERVICOS EM TECNOLOGIA LTDA,18.717.160/0001-11,,4/10/2026,Aluguel,Emissão apenas nota fiscal,Bruna,NÃO,,LUXUS TELEFONIA LTDA,bruna@luxustelefonia.com.br
4/7/2026,BIERDRON CERVEJARIA LTDA,30.582.762/0001-04,,4/10/2026,Aluguel,Emissão apenas nota fiscal,Bruna,NÃO,,LUXUS TELEFONIA LTDA,bruna@luxustelefonia.com.br
4/7/2026,ASSOCIACAO LAJEADENSE DOS POLICIAIS RODOV FEDERAIS,01.544.678/0001-06,,4/10/2026,Aluguel,Emissão apenas nota fiscal,Bruna,NÃO,,LUXUS TELEFONIA LTDA,bruna@luxustelefonia.com.br
4/7/2026,DREBES CIA LTDA (VIVO),96.662.168/0001-31,,5/10/2026,Aluguel,Emissão nota e boleto,Bruna,NÃO,,LUXUS TELEFONIA LTDA,bruna@luxustelefonia.com.br
4/7/2026,DREBES CIA LTDA (TIM),96.662.168/0001-31,,5/28/2026,Aluguel,Emissão nota e boleto,Bruna,NÃO,TIM,LUXUS TELEFONIA LTDA,bruna@luxustelefonia.com.br
4/7/2026,JBL INSTALACOES ELETRICAS LTDA,58.653.558/0001-56,,4/10/2026,Aluguel,Emissão apenas nota fiscal,Bruna,NÃO,,LUXUS TELEFONIA LTDA,bruna@luxustelefonia.com.br
4/7/2026,MAGIC BRANDS INDUSTRIA E COMERCIO DE CONFECCOES LTDA,11.734.998/0001-74,,4/20/2026,Aluguel,Emissão apenas nota fiscal,Bruna,NÃO,TIM,LUXUS TELEFONIA LTDA,bruna@luxustelefonia.com.br
4/7/2026,ORDEM DOS ADVOGADOS DO BRASIL SECAO DA BAHIA,14.259.469/0001-54,,4/20/2026,Aluguel,Emissão apenas nota fiscal,,,VIVO,LUXUS TELEFONIA LTDA,bruna@luxustelefonia.com.br
4/7/2026,ORDEM DOS ADVOGADOS DO BRASIL SECAO DA BAHIA,14.259.469/0001-54,,4/20/2026,Aluguel,Emissão apenas nota fiscal,,,VIVO,LUXUS TELEFONIA LTDA,bruna@luxustelefonia.com.br
4/7/2026,ORDEM DOS ADVOGADOS DO BRASIL SECAO DA BAHIA,14.259.469/0001-54,,4/20/2026,Aluguel,Emissão apenas nota fiscal,,,VIVO,LUXUS TELEFONIA LTDA,bruna@luxustelefonia.com.br